Principal Component,k-mer,Loading Value,Absolute Loading
PC1,gcgcgc,0.1569,0.1569
PC1,ggcgta,0.10536,0.10536
PC1,gggccg,0.09877,0.09877
PC1,gtcggc,0.098,0.098
PC1,cgcgcg,0.09797,0.09797
PC1,ccggcg,0.09711,0.09711
PC1,tcaaat,0.09568,0.09568
PC1,ctcgac,0.09561,0.09561
PC1,gcgtac,0.09433,0.09433
PC1,tcggcc,0.09167,0.09167
PC1,cggcca,0.09086,0.09086
PC1,acgttg,0.09061,0.09061
PC1,aaatta,0.08908,0.08908
PC1,taagtt,0.08866,0.08866
PC1,cccccc,-0.08507,0.08507
PC2,cgcgcg,0.18221,0.18221
PC2,cccccc,0.16215,0.16215
PC2,gcgcgc,0.15395,0.15395
PC2,cgacat,0.08736,0.08736
PC2,catgtg,0.07976,0.07976
PC2,tagagc,-0.07805,0.07805
PC2,tcgcca,0.07348,0.07348
PC2,cgctcg,0.07181,0.07181
PC2,tgcgtc,0.07024,0.07024
PC2,tcgaca,0.07009,0.07009
PC2,ccaaaa,0.06789,0.06789
PC2,atcagg,0.06724,0.06724
PC2,gtggca,0.06589,0.06589
PC2,ggaggg,-0.0641,0.0641
PC2,tgaccg,-0.06271,0.06271
