id,label,dim_0,dim_1,dim_2,dim_3,dim_4,dim_5,dim_6,dim_7,dim_8,dim_9,dim_10,dim_11,dim_12,dim_13,dim_14,dim_15,dim_16,dim_17,dim_18,dim_19,dim_20,dim_21,dim_22,dim_23,dim_24,dim_25,dim_26,dim_27,dim_28,dim_29,dim_30,dim_31,dim_32,dim_33,dim_34,dim_35,dim_36,dim_37,dim_38,dim_39,dim_40,dim_41,dim_42,dim_43,dim_44,dim_45,dim_46,dim_47,dim_48,dim_49,dim_50,dim_51,dim_52,dim_53,dim_54,dim_55,dim_56,dim_57,dim_58,dim_59,dim_60,dim_61,dim_62,dim_63
SEQ_0001,healthy,0.023359358,-0.3191697,0.16035345,-1.2103348,-0.25136045,-0.084391676,0.1443933,0.30610391,-0.21551256,-0.48490435,-0.404148,0.59075075,0.19150242,-0.19305949,-0.8529024,0.21333979,0.45080355,1.0200862,-1.1386045,0.5325463,0.51705104,0.9156247,-1.0573273,-0.31582224,1.0124978,-0.31148386,-0.18031037,-0.007055644,-1.4875222,0.6641518,-0.097554386,0.7019102,0.30195758,-0.09796571,-0.78136396,-0.20782532,1.0745556,-0.10188322,0.018910848,0.052584864,-0.39896026,0.053156227,-0.072321385,-0.35643616,0.73583925,0.48028916,-0.37689507,-0.23855127,-0.6265,-1.7313255,-0.20578945,0.41511068,-0.7593733,0.0055483705,-0.8483578,-0.41989374,0.57515436,0.23857304,0.9990719,-0.12366019,-0.043609038,0.5924478,1.0021734,0.22615442
SEQ_0002,healthy,-0.16617057,0.20919287,0.4392774,-0.5079044,-0.14908494,0.29002833,0.041929003,0.28167725,-1.1759199,-0.22678252,0.27792475,0.61942905,-0.07604346,-0.3225554,-0.7926832,-0.21679921,-0.53862613,1.0006461,-1.3682964,0.96070766,0.28198928,1.0473974,-1.1431814,-0.7757816,0.96370566,-0.087367564,-0.34538934,-0.49916747,-1.2828096,0.6512651,-0.093501255,0.78901875,0.6692897,-0.45380086,-0.30158845,-0.70407826,1.3776902,-0.19564424,-0.20670028,-0.32356,-0.06938186,-0.030315112,-0.30662006,-0.677235,0.6299739,0.36830857,-0.14789194,-0.36945486,-0.62745196,-1.5734204,-0.040548958,0.21779159,-0.30986556,-0.0541655,-0.42208588,-0.735617,0.74234396,0.06260439,0.7026492,0.028182376,-0.25244522,0.4292291,0.9974087,0.50828236
SEQ_0003,disease,0.19795926,0.26753175,-0.095016964,-1.0425206,-0.60543954,-0.37551698,-0.2272339,0.369489,-0.8335363,-0.06316292,0.12091012,0.16774221,-0.21937793,-0.58162075,-1.0344664,-0.3188918,-0.041881476,1.2559218,-1.4118929,0.5035726,0.93635327,1.1601096,-1.3610398,-0.26136565,1.041774,-0.44188726,-0.8178124,-0.5053467,-0.8531816,0.59376156,-0.028734041,0.6168385,0.49466708,-0.14397117,-0.2625763,-0.09612847,0.8900067,-0.2242588,-0.3293995,0.02352108,-0.53182185,-0.3844318,-0.29565063,0.15754741,0.8752436,0.51634395,-0.10773057,-0.49130747,-0.527132,-1.7930174,0.39788777,0.779,0.13916239,-0.1404975,-0.7081729,-0.7203715,0.5773625,0.5592778,1.4001864,-0.12124889,-0.10316332,0.20853421,0.4764572,0.7786096
SEQ_0004,disease,-0.39239702,-0.24066508,0.39865276,-0.703142,-0.19540899,-0.13882461,-0.33136064,0.32967418,-0.08506164,0.057944126,-0.18182234,0.05693705,-0.4817821,-0.5034425,-0.98200166,0.31065965,-0.0311346,1.3991854,-1.3385372,0.49118564,0.18825974,0.7829483,-0.5735145,-0.41780946,0.86049545,-0.09520645,-0.48655215,0.12374792,-0.9118545,0.731905,0.05743715,0.7127047,0.7841756,0.17466083,-0.25832,-0.34941295,1.1006572,0.0025871575,0.07864096,0.10737227,-0.072345264,-0.31223908,0.07846001,-0.39937294,0.7194862,0.47954136,-0.25409183,-0.05110418,-0.9085187,-1.8917099,-0.31138083,0.4972114,-0.3436745,0.10428806,-0.6703743,-0.4703797,0.71195304,0.89152443,1.117087,-0.21752258,0.0051909047,-0.069245584,1.2062026,0.59723425
SEQ_0005,disease,-0.008707329,-0.22618325,0.6757107,-0.96658957,0.15027994,0.09110627,-0.14792153,0.3257019,-0.9407542,-0.54765224,-0.079713866,0.07341315,-0.11698612,-0.75331825,-0.81640786,-0.5167043,-0.41430938,1.2639766,-1.5411566,0.9545139,0.2003504,1.2220781,-0.8779394,-0.7957102,0.5663338,-0.323349,-0.78815854,-0.38658747,-1.383834,0.123595156,0.049355205,0.41459396,0.62240493,-0.028988052,-0.010419224,-0.5173325,1.0100738,-0.2628389,-0.044696704,-0.87774515,-0.44250497,-0.29477125,-0.16411008,-0.057942454,0.7471384,0.19873525,-0.22833401,-0.6274575,-0.91636,-1.6494443,-0.2582447,0.6357336,-0.63678986,-0.053293075,-0.53181833,-0.46622756,0.5290734,0.3928311,0.6675405,-0.4193774,0.06941973,0.10227076,0.9004244,0.6257852
SEQ_0006,healthy,0.06723401,0.014666846,0.34952533,-1.3443091,-0.1607033,-0.12096222,0.16373116,0.36410552,-0.61697656,-0.3702297,-0.06446892,0.20643917,-0.42030433,-0.79940856,-0.6558205,0.11494699,-0.22619353,0.6005982,-1.6053884,0.559669,0.71092373,0.93331933,-1.4538918,-0.17854723,0.93881834,0.1416506,-0.26758257,-0.08698575,-1.1905193,0.30135193,-0.004953989,0.28855848,0.328096,-0.3773105,0.10183813,-0.6424086,0.8868594,-0.1647586,-0.56376463,-0.360794,-0.7874529,-0.03842932,0.24116223,-0.21650906,0.8362852,0.45811173,0.13952954,-0.35009405,-0.6322674,-1.5912887,0.3943541,0.35769862,-0.44164073,-0.4808295,-0.5244403,-0.85150677,0.79320115,0.06969772,0.99983925,-0.06737833,0.19276862,0.71198153,0.6302527,-0.15875304
SEQ_0007,healthy,-0.07285542,0.18280172,-0.317702,-0.91817874,-0.3836908,0.8539287,-0.40654436,0.0033981623,-0.88621056,-0.32606596,0.17618865,0.47834846,0.09893456,-0.24625556,-0.9478971,-0.2785872,-0.20818682,1.4338156,-1.2920034,0.7403681,0.4208491,0.8236038,-1.0137795,-0.4444467,0.9326295,-0.365485,-0.27207798,-0.702249,-1.3269528,0.5713111,-0.36857617,1.0293646,0.884607,-0.4325933,-0.64312637,-0.5219467,1.2826792,0.19002791,-0.05895516,-0.24906217,-0.35749492,0.13214529,-0.5110427,-0.52378106,0.18388614,0.13700835,0.01866675,-0.19517662,-0.55982095,-1.5781965,-0.5834716,0.60732055,-0.5689413,-0.01819297,-0.5797581,-0.6750551,0.43970153,0.17676745,0.47871694,-0.08999608,-0.51240975,0.28622314,1.0269912,0.263491
SEQ_0008,disease,-0.034821387,-0.20403895,0.8978869,-1.0576988,0.57735217,-0.049251348,0.18917024,0.8501301,-0.42452803,-0.5158761,-0.35959476,0.7357383,-0.07170229,-0.76478785,-0.58209264,0.16199917,-0.017742457,0.6409671,-1.0450029,0.62729406,0.44579637,1.0769784,-1.6619353,-0.45285547,0.79169524,0.012468784,-0.11378563,-0.30315444,-1.543032,0.24112356,-0.2998144,0.40483698,0.3080545,0.11863716,-0.22716391,-0.744822,0.66476065,-0.43312013,-0.02932667,-0.24245857,-0.417847,-0.6605354,0.15314583,-0.2769716,0.29647595,0.4128012,-0.19558917,-0.74218744,-1.0586541,-1.9452914,0.34432834,0.4575071,-0.61311436,-0.15777346,-1.0396069,-0.8706415,0.87875843,-0.28149757,0.4487027,-0.64238375,-0.0005158648,1.1197373,0.8911187,0.33447638
SEQ_0009,disease,-0.20596951,-0.13193595,0.44905895,-1.3258893,-0.492296,0.120057836,-0.26389682,0.5285499,-0.37098688,-0.99352485,-0.08824835,0.5293534,-0.3081029,-0.6212366,-1.0461831,-0.17453699,0.13746686,0.81052625,-1.9056699,0.8728704,0.32760283,0.5718262,-1.2606932,-0.2040898,0.9529689,-0.39484447,-0.2996533,0.00508245,-1.2673256,0.45905873,-0.28187135,1.023359,0.53477585,-0.112069294,-0.31944808,-0.31046438,1.1340176,-0.3773024,0.17737551,-0.22669396,-0.44574368,-0.3287553,-0.23131648,-0.17266059,0.34290484,-0.023229849,-0.2865187,0.22977564,-0.37419164,-1.7073871,0.1071013,0.85409915,-0.24456492,0.11534162,-1.1288764,-0.7561673,0.29703036,-0.05099292,0.5875564,-0.31960496,0.03538033,0.5281325,0.57836086,0.62349445
SEQ_0010,disease,0.5213813,-0.0986296,0.28450403,-1.015355,0.28982705,0.20124823,-0.09797615,0.55619377,-0.50660926,-0.33848035,0.066793926,0.73389834,-0.20715988,-0.8763282,-0.5115817,0.2295666,0.19616836,0.84717745,-1.1546596,0.8447739,0.6782329,0.7779925,-1.2338792,-0.8465485,1.1173855,-0.60229397,-0.40866485,-0.11455503,-1.7729605,0.4578228,0.05008658,0.39049798,0.6625756,-0.111906305,-0.33428353,-0.19393317,1.0981354,0.061660968,-0.26565048,-0.26108792,-0.15916912,-0.63314486,0.10265585,-0.3227723,0.43207112,0.32337806,-0.17372464,-0.49434242,-1.0306588,-1.6928308,-0.48288852,0.6629634,-0.4779099,-0.034118403,-0.8295836,-0.87691754,0.5741406,0.38272777,0.45091096,-0.49033248,0.4061381,0.15905508,1.0873601,0.5392277
SEQ_0011,disease,0.0562352,-0.23091455,0.10558168,-0.65851724,-0.15316762,-0.01074118,0.099346496,0.22436231,-0.23291548,-0.30523518,-0.6803569,0.2078748,-0.21268,-1.0306315,-1.3462148,-0.054520685,0.3972457,0.9202187,-1.2473761,0.55372876,0.59638715,0.91079533,-1.0232972,-0.32120556,0.57664305,-0.014392,-0.045653276,-0.47684592,-1.1517079,0.75334495,-0.11093846,0.5044111,0.25838175,0.31192258,-0.2718023,-0.34295303,0.8883618,-0.7094884,-0.033942096,-0.19974759,-0.38715982,0.06258342,0.42781296,-0.23959182,0.9855308,0.7012718,0.25408912,-0.29352826,-0.69273216,-1.5975908,0.079947665,0.42257094,-0.6608208,-0.091972165,-0.6001975,-0.5669419,0.8420396,0.32605237,0.9581769,0.1560104,-0.24121705,0.32888007,0.9891791,0.56199634
SEQ_0012,disease,0.44354475,-0.21787307,0.734203,-0.9340926,0.110542506,0.08389944,-0.47453773,0.290829,-0.5562777,0.27026892,-0.3459218,0.36914468,-0.12051128,-0.398979,-0.72524613,-0.04285528,0.38293043,0.9705546,-1.6085341,0.5121275,0.47099656,1.0880929,-1.9049163,-0.44372094,1.1136463,-0.5554237,-0.20156294,-0.17888,-1.3137133,0.709078,-0.50256425,0.41410458,0.16157436,-0.28537512,0.12725948,-0.28727105,1.2105324,-0.4587891,0.3814524,0.24091473,-0.29254895,-0.7598759,-0.055648144,-0.49313563,0.41119435,0.9588702,-0.2505323,-0.5745588,-0.6778992,-1.5124788,0.6000205,0.5666773,-0.34706733,0.10334862,-1.1567063,-0.5852174,0.6607261,0.419096,1.1441865,0.018285057,0.22496346,0.32484916,0.9070695,0.42602825
SEQ_0013,disease,-0.17339222,-0.4435736,0.49632514,-1.1926256,-0.50109917,0.00232044,0.02343995,0.37397805,-0.46882474,-0.23543337,-0.0057332064,0.24417835,-0.23675549,-0.53875357,-0.997341,0.26786157,0.029885875,1.0921357,-1.2770644,0.40463296,0.22667861,1.1597643,-1.2380232,-0.29024762,0.8432549,-0.2572146,-0.24581867,-0.43027398,-1.4305569,0.42414236,-0.2078923,0.691332,0.22672777,0.22540236,-0.559374,-0.623547,0.8432734,-0.5462208,-0.14674388,0.37304857,-0.42795643,-0.7357437,0.29518935,-0.09173853,0.78237325,0.8841512,-0.11322367,-0.36927474,-0.89780456,-1.792775,0.16874366,0.4958949,-0.027090043,-0.074053474,-0.90905046,-0.50833213,0.58157825,0.39855698,0.9100326,-0.057673283,-0.1058032,0.37191206,0.245693,0.5545194
SEQ_0014,disease,-0.25246406,-0.7236032,0.36650783,-1.0034199,-0.53093827,-0.052382026,-0.038654007,0.014508256,-0.26914656,-0.079398975,-0.25640756,0.2045404,-0.14555016,-0.422392,-1.4308492,0.15603434,0.09023171,1.4257574,-1.14913,0.77590334,0.12590216,0.80700386,-0.86767197,-0.39619464,0.6412689,-0.1311799,-0.33206084,-0.37790155,-1.5506934,0.52677643,-0.3482595,0.8845358,-0.12118272,-0.06434378,-0.3947724,-0.2498831,1.268525,0.024168588,-0.0018166302,0.43630323,-0.35326454,-0.35404688,0.20699562,-0.34966615,0.6418877,0.7435492,-0.13204677,-0.24225281,-0.95069605,-1.6468148,-0.014454965,0.4929308,-0.6445392,0.028119486,-0.6397122,-0.82105565,0.6220715,0.20777714,0.7299371,-0.057642397,-0.14842169,-0.034051593,1.2293614,0.45164397
SEQ_0015,healthy,-0.009432844,-0.034442544,0.230952,-0.999551,-0.197728,-0.50042534,0.4225469,-0.16876167,-0.18717809,0.30652216,0.4274481,0.25875747,-0.3907579,-0.078825444,-1.0050488,0.13757159,-0.25499982,0.96677625,-1.5973437,0.6987583,0.591001,0.7252727,-1.2711403,-0.14674476,1.0503247,-0.27933076,-0.40228462,-0.42499882,-1.2624166,0.9258944,0.11141034,0.85116976,0.41604623,0.10471615,-0.34012446,-0.62535924,1.1435837,-0.077592,-0.5275452,0.24997133,-0.6267044,0.03850459,-0.291213,-0.09456999,0.81619656,0.29308495,-0.39625037,-0.1629185,-0.68917423,-2.0940623,0.76762754,0.3348025,-0.09918183,-0.038539514,-0.8354859,-0.20074564,0.38600242,0.15051156,0.5886197,-0.50857764,0.153701,0.6421822,1.0161257,0.21893723
SEQ_0016,healthy,-0.00827828,-0.063457295,0.48122373,-1.2846923,-1.000132,0.50953746,-0.051409807,0.3271658,-0.5351278,-0.6141926,-0.5401403,0.45740193,0.19153214,-0.34270296,-0.9539324,-0.21595475,0.1689116,0.20069548,-1.2528405,0.4986326,0.25879455,0.96237546,-1.6638747,-0.015814347,1.1306957,-0.2688595,-0.7462735,0.09673852,-1.5699506,0.624835,-0.2040206,0.57634676,0.25244707,-0.045822043,-0.62293583,-0.7728486,0.9380197,-0.14783336,0.10541415,0.030012373,-0.60516065,0.14310682,-0.54780334,-0.5507975,0.7418345,0.22555734,-0.42215413,-0.2974464,0.045177992,-1.8276304,0.2808946,0.9662655,-0.47932374,0.33116406,-1.1410226,-0.1318365,0.39659745,0.20421906,1.6198156,-0.13131134,0.19826569,0.62239224,-0.0073107816,-0.45076466
SEQ_0017,healthy,0.24747702,0.103686,-0.17906785,-1.1434816,-0.62307185,0.20750083,-0.22585392,0.15923779,-0.63064283,0.2680689,-0.04267828,0.3824304,-0.40444,-0.7073732,-0.9545357,0.080803074,0.14567168,1.7725883,-1.141176,0.20036918,0.3252963,0.8585416,-0.9651932,-0.32921237,0.8414929,-0.24468814,-0.39792344,-0.43822926,-1.0292387,0.68507123,0.30147022,0.42165625,0.79703873,-0.07499498,-0.26775834,-0.09421812,1.2246935,-0.30534706,0.023978017,-0.10864663,-0.53355473,-0.14158122,-0.49323058,-0.4826289,1.0752276,0.7383897,-0.45773298,-0.7440358,-0.9355868,-1.630814,-0.012727401,0.6877915,-0.38975307,0.24251708,-0.740412,-0.6105175,0.88367766,0.6609756,0.8184866,-0.25754738,-0.34821156,0.5626862,0.7144081,0.28838572
SEQ_0018,disease,-0.46193856,-0.6610943,0.17322785,-0.9404226,-0.6958527,0.6967382,-0.1300634,-0.068481214,-0.6456473,-0.6480792,0.065009594,0.11375443,-0.46056956,-1.0490613,-0.8094201,0.1668185,0.13787839,1.0231582,-1.2294087,0.5279452,0.57299054,1.4677283,-1.122099,0.001362755,0.9792595,-0.5800924,-0.30951598,-0.34609297,-0.9485884,0.4794956,0.012464285,0.056416534,0.03054108,-0.0070683425,-0.029563466,-0.4377382,0.84451497,0.038737364,-0.3103047,0.19278075,-0.6401075,-0.56606096,0.24707328,-0.3183711,0.7757582,0.8297779,-0.5257567,-0.011714524,-0.61331546,-1.4310652,0.12549439,0.7345188,-0.08245355,-0.027405407,-1.1969308,-0.855991,0.56821555,0.80185586,1.2450137,-0.18911862,-0.124661766,-0.3025551,0.79429334,0.5855799
SEQ_0019,healthy,0.40818912,-0.09351585,0.24900672,-0.93283385,0.054446124,0.1984028,0.012544224,-0.015387542,-0.89916056,-0.33091447,0.01865803,0.3995138,-0.39857626,-0.36186987,-0.91975325,-0.584154,-0.13614772,0.73329943,-1.4847641,0.8387713,0.16571978,1.387471,-1.1801695,-0.34882814,0.99201,-0.17906788,-0.5786933,-0.3102046,-1.3862567,0.46432632,-0.38659167,0.48991942,0.782512,-0.121596955,-0.2381015,-0.4607215,1.4165926,-0.42750794,-0.12202246,-0.80972177,-0.6585675,0.092744276,-0.39669874,-0.19677944,0.96457314,-0.1681447,-0.50978523,-0.50101864,-0.5248552,-1.7904278,0.23411353,0.56050086,-0.7174831,-0.070557736,-0.7141104,-0.16136956,0.50178707,0.22843018,0.798907,-0.5784381,0.31851882,0.6552101,0.44132146,-0.019169027
SEQ_0020,disease,-0.41123474,-0.192004,0.1888774,-1.3118302,-0.35642597,0.1500016,0.13732724,0.40272418,-0.16867344,-0.42830098,0.071682826,0.3090759,-0.22741133,-0.4181504,-0.78540516,0.32879826,-0.17755131,1.1403728,-1.48876,0.5987816,0.2999024,1.1497561,-1.206016,-0.3409573,0.6172626,-0.15362112,0.08058217,-0.42955247,-1.6010048,0.9733495,-0.11262187,0.63172853,0.07120241,0.13880405,-0.55355126,-0.53136855,1.1981193,-0.5066207,-0.30819443,0.7140445,-0.37294167,-0.66009295,-0.093151614,-0.2938738,0.9022774,0.6726308,-0.13874717,-0.21839309,-0.8005054,-1.8980559,0.038291708,0.7580345,-0.011414935,0.06745237,-1.1096249,-0.21528183,0.24571653,0.39364287,0.55532736,-0.09799702,-0.29879484,0.667665,0.69789004,0.6216429
SEQ_0021,healthy,-0.5281615,-0.15497597,0.47853726,-0.64453346,-0.19003892,0.03934425,0.06929528,0.49120978,-0.29947388,-0.31436485,-0.5920832,0.5036156,-0.29875863,-0.58472663,-0.96428823,-0.21192145,-0.44626945,0.61166006,-1.0378531,0.62812775,0.75026196,0.9129139,-1.5863361,-0.69025344,0.69116193,-0.09287886,-0.93711174,-0.24392986,-1.9175442,0.71647066,-0.2483294,0.304436,0.16640016,-0.084134616,-0.49658874,-0.83569324,0.9216127,0.18523397,0.014357636,-0.09907822,0.09975639,0.2346481,-0.09686713,-0.4535894,0.41031814,0.04510601,-0.3125111,-0.3285786,-0.75001854,-1.9856081,0.24421118,1.254628,-0.3575596,0.22865064,-0.90606034,-0.40840605,0.67413586,0.25391254,0.47564822,-0.7178095,0.11875238,0.820767,0.75646293,-0.40593117
SEQ_0022,disease,-0.24232866,0.2116922,0.75570315,-0.84944195,-0.049517974,0.50249654,-0.1299083,0.17095718,-0.4354704,-0.07044888,0.22808845,0.1995301,-0.46818912,-1.103929,-0.8202887,0.14402947,0.035307802,1.2958953,-0.9825447,0.35240194,0.17696661,0.871243,-1.1582687,-0.5708532,1.0764862,-0.2517142,-0.2378761,0.004747328,-1.0812056,0.6876191,0.041543018,0.34157434,0.67809385,0.20228812,-0.088073134,-0.7505204,1.0412312,-0.5033053,0.1900001,-0.119238734,-0.56842625,-0.356671,-0.14519171,-0.13466126,1.1486566,0.642652,-0.29457667,-0.31534803,-0.4237288,-1.8667334,-0.23592453,0.870827,-0.23192218,0.14458258,-0.8951267,-0.85679287,0.84509677,0.49352667,0.8236776,-0.5525297,-0.15814264,0.5551871,0.65580875,0.85471255
SEQ_0023,disease,-0.5919898,-0.20463605,0.7727718,-0.84372264,-0.012437103,0.15210444,-0.342586,0.34907117,-0.2829352,-0.18014403,-0.26718968,0.6403397,-0.35397816,-0.97361124,-1.0287442,0.047080718,0.0667464,1.1380444,-1.497863,0.5639261,-0.029281395,0.96813333,-0.8615861,-0.66733843,0.5074998,-0.008763205,0.24106842,-0.7133507,-1.2499189,0.8078875,-0.37157676,0.86753947,0.12372193,-0.029210929,-0.23861085,-0.7553647,0.9689202,-0.67545205,-0.35857454,0.05738203,-0.110136874,-0.27685773,0.20911309,-0.0645715,0.56244755,0.8149678,0.054525845,-0.20855533,-1.032898,-1.6464862,0.17477131,0.28956315,-0.4815936,-0.1208137,-0.798581,-0.65243256,0.5858257,0.4748136,0.5880463,0.056127366,-0.24121879,0.60895133,0.930521,0.42733517
SEQ_0024,disease,0.10317312,0.127222,0.40406594,-1.0977196,-0.36894774,0.049395483,-0.23488338,0.34366772,-0.5514757,-0.83734673,-0.023639578,-0.14114074,-0.11918389,-0.72063124,-1.26634,0.03592166,-0.071392685,0.9865089,-1.4790941,0.47566238,0.8158068,1.0871162,-1.2368661,-0.021779379,0.43968862,-0.30987373,-0.7419331,-0.27114937,-1.2898676,0.5394189,0.089155324,0.38169044,0.34978712,-0.18076888,-0.4480104,-0.41660827,0.78383464,-0.12406976,-0.10467491,-0.32349283,-0.8025807,-0.31266457,-0.12892582,-0.20723963,1.2713715,0.65353495,0.15583794,-0.39155033,-0.69868267,-1.9827473,0.19787708,0.7180938,-0.027142486,-0.18751523,-0.8109565,-0.5931918,0.5907441,0.64841354,1.0722641,-0.02357058,0.19085076,0.21975021,0.5014278,0.7140648
SEQ_0025,healthy,0.059404228,-0.09772657,-0.017241864,-1.1837107,-0.42180353,0.37677202,-0.18293859,0.22674179,-0.5642282,-0.51529616,0.37086278,0.34058607,-0.085247055,-0.7704149,-0.7656936,0.27687633,0.10199163,0.99269354,-1.3882153,0.3741946,-0.14386585,1.4686745,-0.6252902,-0.22909309,0.6475991,-0.49980357,-0.038550388,-0.6438179,-1.4469732,0.34644702,-0.16110875,0.73953867,0.3095437,-0.0568514,-0.8385399,-0.26198128,0.75790536,-0.4064203,-0.5014609,0.21528001,-0.49892014,-0.3727931,-0.058577687,-0.11810809,0.9142484,0.9594796,0.030954963,-0.52959377,-1.1107515,-1.667259,0.08120644,0.53521514,-0.6487959,0.11938765,-0.7095322,-0.38892642,0.2369828,0.16659895,0.8676774,0.15517071,-0.23138306,0.20357466,0.8412447,0.3288334
SEQ_0026,healthy,-0.07004047,0.084069155,0.22540984,-1.1280758,-0.34144777,0.2497038,-0.24010648,0.3416109,-0.4707953,-0.062394597,-0.14794144,0.3074391,-0.060159177,-0.60158277,-0.77101755,0.33415747,-0.2032392,0.8973933,-1.5782408,0.3447816,0.37048778,0.9459318,-1.0883938,-0.14801995,0.94448173,-0.1457072,-0.27939993,0.0506925,-1.0649338,0.86891264,0.040373303,0.93748564,0.58772814,-0.048167698,-0.23268886,-0.4933211,0.9456299,-0.29587826,-0.15711646,0.27028725,-0.7694022,0.051385645,-0.23282374,-0.36085036,0.9500587,0.63518846,0.17796803,-0.39808097,-0.54609185,-1.7497122,0.065828115,0.3381636,-0.34688517,0.06984545,-0.31379706,-0.47552016,0.9454338,0.6669352,1.2142284,-0.043520123,-0.18829143,0.33058047,0.89532125,0.581535
SEQ_0027,healthy,-0.18241696,-0.18678145,0.59248394,-1.0508673,-0.2418735,0.085779786,-0.041383825,-0.22432089,-0.47215575,-0.5586167,-0.025019184,0.056407046,-0.8267003,-0.79188883,-1.1039999,0.25206336,-0.11891173,0.8013418,-1.528914,0.6288535,0.5273104,1.1489102,-1.4181813,-0.42501336,0.7582108,0.07792395,-0.08507099,-0.17546329,-1.5649569,0.71081316,-0.17083524,0.6297701,0.45511833,0.09943047,-0.27740622,-0.78983337,1.3715926,-0.14581767,-0.44360447,0.2525698,-0.5882322,0.09995995,0.5554222,-0.49732047,1.106216,0.77419513,-0.32317296,-0.120257445,-0.8752583,-1.542095,0.09515072,0.6138612,-0.5460849,0.12987077,-0.83078563,-0.45512232,0.6480139,0.00361179,0.6520664,-0.2631224,0.04955056,0.34691873,0.96500975,0.36329398
SEQ_0028,disease,0.42640504,-0.15310296,0.009106442,-0.8742863,-0.23561837,0.08564541,-0.13117115,0.63025856,-0.543759,-0.11397087,-0.3979033,0.42429158,0.24726236,-0.18633159,-0.86881995,-0.049755998,-0.19059013,0.8700574,-1.2802652,0.51121426,0.5461402,1.4444723,-1.371181,-0.38869208,0.908941,-0.5594427,-0.34204307,-0.22453113,-1.6478164,0.49817052,0.08201381,0.7222868,0.67518944,-0.106695496,-0.70112884,-0.17576985,1.3431457,-0.12473548,0.30960318,0.022328358,-0.2668108,-0.3957837,-0.27103823,-0.13880733,0.42151576,0.48222768,-0.0837031,-0.3670716,-1.0433189,-1.6573994,-0.038496643,0.45304355,-0.3095701,-0.033930525,-0.74560255,-0.1807779,0.16006143,0.6392038,0.58219343,-0.38193637,-0.15201494,-0.0090221595,0.8926124,0.86158687
SEQ_0029,healthy,0.18853483,-0.24736713,0.029194409,-0.74498385,-0.4777863,0.47889814,0.39253357,0.075864136,-0.58643264,0.2557031,-0.0477029,0.32435033,-0.11463278,-0.69975495,-0.82067573,-0.07775553,-0.058943685,0.8445647,-0.91945785,0.7555478,0.5020899,0.9872579,-1.139364,-0.49836794,0.9466605,-0.06353958,-0.3628176,-0.24704966,-1.5598525,0.6357857,0.1666249,0.51381224,0.21246292,0.08087694,-0.31988513,-0.65525997,0.5744135,-0.08688757,-0.62899804,-0.08550112,-0.669427,-0.25442848,0.05445825,-0.5169459,0.8756549,0.43936208,-0.07630338,-0.64003605,-0.4236868,-1.5879661,0.06255858,0.22825694,-0.52077156,0.12681407,-0.6554383,-0.5914669,0.55269384,0.7836775,0.77184516,-0.10417417,0.013548679,0.3413402,0.15944539,0.27620685
SEQ_0030,disease,-0.2774541,-0.2064662,0.52946645,-0.947715,-0.71041685,0.22277029,0.32796463,0.55220264,-0.67536265,-0.40009573,-0.15026426,0.788615,-0.031677794,-0.37410188,-0.7682352,0.38614616,0.021039106,1.2465048,-1.1539721,0.85644406,0.047613025,0.68157375,-1.1371132,-0.31483015,0.9417332,-0.35023722,0.07473667,-0.1998247,-1.5194404,0.81641215,0.3260882,0.7885456,0.4029263,-0.04632936,-0.16600853,-0.6332002,1.0406308,-0.47596687,-0.15019651,-0.26651442,-0.16709451,-0.25357065,-0.5231262,-0.12036621,0.4323643,0.24849845,-0.08047773,-0.034544878,-0.8924737,-1.5147929,-0.30200467,0.23594277,-0.2217716,0.116835326,-0.86326826,-0.6611878,0.43724954,0.57905596,0.6006255,-0.22304425,-0.21840626,0.870708,0.78801733,0.43358475
SEQ_0031,disease,0.13429762,-0.393049,0.3307153,-0.8477332,-0.4522492,-0.11168755,-0.13599822,-0.26450157,-0.65924305,-0.16358837,0.030518355,0.20154586,-0.2561482,-0.3529353,-0.7389253,0.19722685,0.15943821,0.7804188,-1.3507898,0.4895355,0.7472267,1.4170659,-1.2062633,-0.52553064,1.2752783,-0.20395225,-0.011052134,-0.3616439,-1.2127889,0.5656126,-0.35168445,0.60529375,0.21555167,-0.058560025,0.022142237,-0.31385165,1.3442079,0.19937871,-0.67105067,0.75257796,0.050499544,-0.7820487,0.23077294,-0.5261674,0.6446379,0.47835723,-0.34749824,-0.09927761,-0.7859275,-1.1805226,0.31042784,0.33677673,0.10151528,0.16451794,-0.88977,-0.6420117,0.79793525,0.22132555,1.2784837,-0.09091196,0.021334236,-0.03892132,0.85560507,0.5815599
SEQ_0032,disease,0.18932803,0.009312356,0.69510204,-0.8204792,-0.45981494,0.40496084,0.25158122,0.5147807,-0.8318126,-0.16260484,0.4385697,0.6311977,0.1493638,-0.6421949,-0.8097102,0.15659615,-0.24737221,1.208111,-1.059546,0.51070786,0.36964864,0.85412467,-1.1516184,-0.46080714,0.8937637,-0.31005323,-0.088939995,-0.6256367,-1.1837378,0.60087705,0.40765265,0.80995965,0.57697517,0.010660093,-0.6698776,-0.64552146,0.8295807,-0.14766392,-0.29434374,0.030277554,-0.546912,-0.6372872,-0.1453325,-0.23890597,0.49853545,0.5870352,0.22095513,-0.5210786,-1.0205258,-1.5645418,0.474785,0.21061915,-0.3337645,-0.214973,-0.75605345,-0.307582,0.86093277,0.018252796,1.1311045,-0.060348824,-0.3316524,0.23619117,0.76778024,0.85439485
SEQ_0033,healthy,-0.24663697,-0.3989391,0.5645467,-1.0274175,-0.95441973,0.1196848,-0.26438543,0.33341184,-0.7369411,-0.8324512,0.059214093,0.039581217,-0.39339596,-0.71865785,-0.79458964,0.23441736,0.15177803,1.4417533,-1.3888663,0.8927448,0.013457286,1.0552653,-0.7587109,-0.31631795,0.53865796,-0.43734503,-0.4592608,-0.21306588,-1.1903208,0.26849845,-0.12393125,0.5768085,0.10786959,-0.1288649,-0.17130612,-0.37196636,1.0502317,-0.15361904,-0.46730548,-0.13193142,-0.5178322,-0.2179885,-0.007306264,-0.39020842,0.7774988,0.5706787,-0.20707434,-0.076834016,-0.77074146,-1.5350126,-0.0317734,0.3824692,-0.46159154,-0.19550548,-0.7473001,-0.7664937,0.4878287,0.33025843,1.1978607,0.06687992,-0.26534787,0.047249448,0.60726714,0.3593402
SEQ_0034,disease,0.108241685,-0.42639035,0.5897532,-0.8646436,-0.11413424,0.017363137,0.14960837,0.26722896,-0.6161825,-0.48050842,0.010007415,0.38534403,0.32042077,-0.4818235,-0.8086086,-0.21719237,-0.4174323,1.2539829,-1.0151978,0.2469094,0.33652616,1.0515863,-1.3989986,-0.20180549,0.79636407,-0.6645052,-0.42593983,-0.41071767,-1.1345273,0.24553059,-0.1704422,0.5893577,0.21838108,0.09843677,-0.09753157,-0.32767236,0.5571082,-0.13592917,0.03323358,0.2785795,-0.53399354,-0.52256376,-0.12688208,-0.7848203,0.5350954,0.58919066,-0.6200297,-0.752884,-0.2571729,-1.9923918,0.36214656,0.4042694,-0.2270952,0.13483332,-0.92031217,-0.66097575,0.80393076,0.36833498,1.111066,-0.3658459,-0.11399961,0.36647308,0.76501036,0.7048597
SEQ_0035,healthy,0.53829503,-0.6495796,-0.0497748,-1.4600928,-0.7118699,0.5680539,0.21998383,0.4898372,-0.3614787,-0.46892732,-0.5763578,0.51882553,0.28486454,-0.95080185,-1.11606,0.2944825,0.55137044,1.107739,-1.198845,0.3676405,0.32153443,0.96492785,-1.0354764,-0.21564484,1.0724276,-0.41228148,-0.12620287,-0.13811782,-1.6406983,0.40611452,0.06050072,0.14552014,0.16008258,-0.06528402,-0.31717974,-0.043170914,0.7280286,-0.34140193,-0.4278836,-0.014200019,-0.3898511,-1.1848036,0.3128026,-0.18446583,0.64427733,0.71809906,0.037935086,-0.22023268,-0.13507038,-1.4145825,-0.06511469,0.42644846,-0.4075854,-0.084124714,-1.0954117,-0.56393135,0.69499344,0.4603242,1.0325565,-0.20011248,-0.027969673,0.16845512,0.5012292,0.3199474
SEQ_0036,disease,-0.14171253,0.11624905,0.33807147,-0.9540626,-0.33412802,0.5329132,0.05995276,0.25136203,-0.787092,-0.16242653,-0.3601326,0.3446145,-0.14108865,-0.61022663,-0.92248243,-0.20897241,0.06659221,0.79103327,-1.0894951,0.61065054,0.37922084,0.90142775,-1.1696415,-0.42428392,0.8501333,-0.16602094,-0.17735615,-0.28783125,-1.1648915,0.6404783,-0.12380798,0.34213385,0.5403519,-0.19442141,-0.24256323,-0.7492732,0.99653864,-0.28413475,-0.20282502,-0.15824106,-0.43259883,-0.032449633,-0.15448758,-0.5118792,0.7630889,0.5219378,-0.19940594,-0.4909929,-0.35115603,-1.7932594,-0.23990306,0.6019224,-0.303431,0.057069506,-0.8639989,-0.73728424,0.9043622,0.41412365,0.9378937,-0.39793643,-0.1964238,0.7458646,0.5674118,0.07118057
SEQ_0037,disease,-0.07001925,-0.2516252,0.3059156,-1.0321593,0.0142951235,-0.11635728,0.21489431,0.472977,-0.5833261,-0.4140258,-0.24678463,0.47582823,0.112046614,-0.27933297,-0.88969916,-0.4182451,-0.20914824,1.0035485,-0.8419689,0.72303057,0.5445773,0.8050389,-1.481851,-0.009396928,0.7430288,-0.075982906,-0.3261758,-0.30597237,-1.4162228,0.4887481,-0.13012995,0.65676,0.04125399,-0.18605296,-0.28623712,-0.59460264,0.6671661,-0.539939,-0.13600446,-0.5551274,-0.7294651,0.16848041,-0.28541782,0.030879572,0.26497814,0.35235766,-0.0819934,-0.47893757,-0.74763256,-1.624044,0.23977722,0.21726856,-0.7461375,0.071809374,-0.84254426,-0.57508194,0.5183436,0.050645128,0.8152226,-0.34155467,0.18523036,1.0008528,0.80723184,0.22288771
SEQ_0038,disease,-0.006391065,-0.123393714,0.4383317,-1.0104632,-0.29049322,0.24517778,0.10860249,-0.20156989,-1.0940125,-0.4271916,0.22140211,0.07121027,-0.18953282,-0.14800762,-1.0459241,0.038157627,-0.07631391,1.1814868,-1.5268272,0.8659755,0.32439375,1.0506512,-1.3980738,-0.19701008,1.0488781,-0.41814288,-0.35895744,-0.41799998,-1.1118894,0.7671752,-0.10725248,0.49420783,0.29575053,-0.28794572,-0.34948656,-0.44619516,1.2930709,0.14809492,-0.051155668,0.05476621,-0.54074425,-0.043921888,-0.58985686,-0.5973391,0.5389474,0.2372379,-0.5228546,-0.37326592,-0.14803712,-1.6899301,-0.006324873,0.5467237,-0.06781583,-0.16319455,-0.9104469,-0.559006,0.545384,0.36461025,1.0991188,-0.24472068,-0.22403464,0.40444353,1.0392916,0.6022977
SEQ_0039,disease,-0.52748805,-0.088884614,0.5562221,-0.31313974,-0.2786212,0.40334997,-0.27085453,0.1341758,-0.7324518,-0.08080175,-0.25170574,0.20623665,-0.6489663,-0.61038315,-1.1682264,-0.6264125,-0.095715106,1.4557891,-1.1351922,1.0891004,0.61251664,0.5076292,-1.180458,-0.7611734,0.88653535,-0.24181268,-0.608078,-0.027819285,-1.230925,0.63236284,-0.15215379,0.71529925,0.47448877,-0.121783204,-0.24948983,-0.65592,1.1656389,0.19741844,-0.17491823,-0.076433204,-0.091550134,0.080452226,-0.1538902,-0.30160904,0.7355661,0.14333436,-0.65374005,-0.082631804,-1.0064954,-1.5587445,-0.10469715,0.9555827,-0.41172433,0.55391896,-1.0435413,-0.76604164,0.45831782,0.6417202,0.51965594,-0.4150454,-0.1599881,0.4697895,1.0350665,0.95215565
SEQ_0040,healthy,-0.11756884,-0.24973598,0.7562411,-1.1992517,-0.8358931,-0.33506948,-0.37221786,0.931735,-0.56853557,-1.390754,-0.07811473,0.378134,-0.48892987,-0.8893224,-0.697253,0.36953935,0.07153181,0.851257,-1.3132827,0.74470294,0.23938602,1.2531977,-1.2733948,0.08132623,0.6278044,-0.12689017,-0.3704089,0.035684027,-1.3086364,0.40164047,-0.06155059,0.53436565,0.39430317,0.027098916,-0.45429894,-0.20557371,1.05424,-0.009171309,-0.4230991,-0.4120066,-0.7010012,-0.08379749,-0.30314982,-0.34478524,0.5641886,0.2536848,-0.47563735,-0.16921952,-0.6381653,-1.4194925,-0.17065416,0.4933037,-0.21051688,-0.0023620774,-0.5546346,-0.87688684,0.4446862,0.6129033,1.3704795,0.0006528575,-0.29374632,0.58998716,0.34199885,0.14424804
SEQ_0041,healthy,-0.39967197,-0.1703504,0.48329842,-0.88834316,-0.55840164,0.32186756,0.13939828,0.1664302,-0.42349243,-0.36375508,-0.17764013,0.5154841,-0.29454046,-0.5046805,-1.0307144,-0.053640906,0.110179804,0.8405747,-1.0617199,0.50388163,0.3554574,0.78924966,-1.5162055,-0.43811533,1.2737257,-0.049974706,-0.12489639,-0.014044619,-1.2677414,0.67919147,0.021344112,0.7329592,-0.034530785,0.033343196,0.07122054,-0.5242863,1.3238815,-0.3567871,0.034340087,0.02893501,-0.79703254,0.0028400018,-0.14453834,-0.5501276,0.6851428,0.7530095,-0.42257515,-0.11161897,-0.28403392,-1.6760094,0.20918849,0.26415431,-0.7286796,0.10969972,-1.0481325,-0.70550317,0.61664706,0.71705383,0.9005626,-0.24974218,0.13627142,0.30869108,0.82510304,0.37046674
SEQ_0042,healthy,-0.09410702,-0.34708446,0.47472572,-1.018973,-0.61710286,-0.02742171,-0.15432157,0.21090989,-0.7590574,-0.016812349,0.05576662,0.063377514,-0.25066537,-0.63603145,-0.8940136,-0.1693821,-0.13311112,1.1812888,-1.3380654,0.6348156,-0.03263149,1.1537216,-1.0542186,-0.517215,0.8079758,-0.17896198,-0.2114502,-0.35270414,-1.1982683,0.71175194,-0.16187762,0.41965035,-0.2803281,-0.010265938,-0.5403901,-0.30113706,0.8437038,-0.22872545,-0.6651378,0.16015992,-0.64964074,-0.3904312,-0.06837724,-0.14036076,0.33472356,0.6250607,0.20456553,-0.2881242,-0.46139765,-1.7392613,0.23939206,0.5085665,-0.98560786,-0.19158804,-1.048571,-0.62227094,0.3348803,0.048874777,0.7162337,-0.08733224,-0.096762404,0.5452942,0.5948086,0.41106772
SEQ_0043,healthy,0.2598863,-0.19293892,0.2810332,-0.85953146,-0.2121312,-0.21437402,0.36724886,0.6882148,-0.34720236,-0.7267353,-0.3147992,0.51998484,0.13941598,-0.549212,-1.0318546,0.16027579,0.2371268,0.9276895,-1.2029041,0.50708574,0.615213,0.9375123,-1.2630148,-0.25895247,0.4828537,-0.17517626,0.011089568,-0.48236915,-1.5023801,0.7306348,0.15112765,0.5007818,0.5912601,-0.024176437,-0.6320053,-0.20707342,1.2553388,-0.523863,-0.031521313,0.42215994,-0.14906144,-0.37185016,0.051666558,-0.22307906,0.69948035,0.71574837,-0.02120336,-0.23514652,-0.8726569,-1.6145269,0.14925554,0.60314447,0.24346316,-0.14541031,-0.520387,-0.39413586,0.5045658,0.2815979,0.6797369,0.10288892,-0.15147157,0.54500026,0.7101796,0.766449
SEQ_0044,disease,0.6719907,0.13428369,0.11033883,-0.8844881,-0.08582202,-0.07451031,-0.40245312,0.8627597,-0.50561607,-0.13542908,-0.5985823,0.7990246,-0.11244467,-0.4097661,-0.84696454,-0.42691892,-0.27308977,1.0965753,-1.3119164,0.15026982,0.36671993,0.9571484,-1.3049507,-0.2829579,0.62356,-0.045440175,-0.34851757,0.05906829,-1.0606226,0.49568644,0.01032658,0.5160884,0.648918,-0.21142642,-0.4555953,0.07874455,1.3157159,-0.24792786,-0.18293478,0.04602737,-0.26007357,-0.2283194,-0.7319666,-0.23443966,0.8056887,0.70474255,0.21468997,-0.6352807,-1.0040479,-1.4923074,0.69062334,0.59734917,-0.56305397,-0.10933458,-0.538477,-0.35775718,0.78879607,0.5860529,1.048311,-0.20333843,0.09502027,0.574,0.49797097,0.30634806
SEQ_0045,healthy,0.31016985,-0.26917613,-0.1176774,-1.093809,-0.224389,0.055506784,-0.17483442,0.4485021,-0.31748626,-0.5550686,-0.5993404,0.32082513,-0.12725069,-0.32005742,-1.081251,-0.19363542,-0.08693847,0.9220158,-1.3260955,0.633199,0.5939934,1.0403723,-1.0209315,-0.43456706,0.6771582,-0.5203023,-0.5345737,-0.66733253,-1.2162032,0.64568806,-0.26223904,0.4500655,0.4074196,-0.21649428,-0.518044,-0.21907444,0.9791847,-0.2777353,-0.0697763,-0.33938333,-0.21401206,-0.50077844,-0.28611696,-0.23903571,0.63278747,0.25019693,-0.24655817,-0.33060205,-0.4327935,-1.678248,0.22407939,0.7277809,-0.42237464,0.0037840668,-0.9058744,-0.5772932,0.35392874,0.29077044,0.86421585,-0.26868457,0.13076308,0.56025505,0.6273416,0.22788525
SEQ_0046,disease,-0.46904373,-0.66851693,0.4549897,-1.0436968,-0.35861346,0.1084327,-0.3197316,-0.14777558,-0.2986189,0.098568246,-0.2582033,0.08775156,-0.6315411,-0.95791394,-1.0552461,0.07552287,0.13462654,1.2402344,-1.331898,0.79985666,0.33077005,0.9079127,-1.1492611,-0.29882994,1.0771948,-0.18487276,-0.49788886,0.36048394,-1.0829777,0.6044214,-0.09888799,0.16382714,0.009099861,0.43053776,0.07420879,-0.29029906,0.7712611,-0.09224239,-0.2523737,0.25703666,-0.4500212,-0.22066279,0.3063837,-0.43920714,0.6158559,0.27371994,-0.4567187,0.03824655,-0.5434644,-1.4924539,-0.123105265,0.7458329,-0.69056123,0.037394185,-1.0505114,-0.8252172,0.72372013,0.3781464,0.90909195,-0.72368056,-0.10497905,0.4237438,0.75974303,0.19553505
SEQ_0047,disease,-0.06358474,-0.5758951,0.27746385,-0.8602332,-0.5573833,-0.011593521,-0.101599306,0.07098658,-0.30544373,-0.45385194,-0.27565035,0.3560647,-0.27165863,-0.85068506,-1.313392,0.061228324,0.16509135,1.2188339,-1.0873682,0.9312579,0.4317579,0.78578424,-1.0400996,-0.5039968,0.4434071,-0.29004112,-0.2528425,-0.3255285,-1.5403191,0.6220743,0.012832819,0.6449885,-0.11107028,0.027951773,-0.5063642,-0.19751523,0.9446256,-0.10621292,-0.29446274,-0.08724139,-0.20186007,-0.305505,0.015174681,-0.4955184,0.8390289,0.5869731,-0.25862634,-0.43872118,-0.5550652,-1.3665267,-0.24843583,0.51278627,-0.6593653,0.17819034,-0.7940459,-0.8703396,0.67538,0.4730934,0.86170936,-0.08018882,-0.027459163,0.09677327,0.8297267,0.49863914
SEQ_0048,disease,0.15988196,-0.18355009,-0.05757503,-1.2973279,-0.77053905,-0.017497936,-0.17996444,0.32397747,-0.5352519,-0.6716434,-0.47420192,0.6012129,-0.24441881,-0.18871303,-0.9086739,0.16179265,0.005368067,1.053764,-1.401301,0.48318762,0.127504,1.1022012,-1.0465482,-0.16502857,0.7833991,-0.5057131,-0.47178712,-0.37231532,-1.6506528,0.13945693,-0.18698464,0.65171576,0.3359397,-0.36920822,-0.30479372,-0.20983967,1.1718813,-0.43627053,0.036361676,-0.06846661,-0.23866887,-0.65514034,-0.14372429,-0.63481337,0.7977501,0.46598977,-0.16512732,-0.30930594,-0.5126594,-1.3975363,0.19867487,0.64405084,-0.6954983,0.054452233,-1.0595798,-0.2998587,0.1370835,-0.10478691,0.9977418,-0.2981578,-0.11900617,0.3500253,0.3099626,0.23841663
SEQ_0049,disease,0.21340846,-0.38458574,-0.08601334,-0.8260492,-0.0667615,0.58460736,0.56737286,0.32510778,-0.90130526,-0.12812105,-0.20186596,0.3964851,-0.100349456,-0.40006799,-1.0652982,-0.27673835,-0.13290668,0.8810284,-1.1753705,0.5197431,0.38065028,0.92296344,-0.9998496,-0.6564594,1.1016363,-0.27654585,-0.30314836,-0.4610606,-1.3863707,0.92361915,0.129456,0.050264146,0.4913425,-0.11563764,-0.29241002,-0.5035391,1.0912331,-0.061976537,-0.3919252,-0.26781508,-0.3755491,-0.49142176,-0.07580621,0.017703246,0.7804461,0.35875258,-0.16867507,-0.41759527,-0.9792582,-1.5202835,0.12279438,0.24270716,-0.71068156,-0.2985573,-0.6858492,-0.8586265,0.77326745,0.9025874,0.6198145,-0.2349623,0.30192065,0.6173678,0.6116777,0.30087665
SEQ_0050,healthy,0.11928876,-0.3306447,0.2808645,-0.90124625,-0.27736646,0.02766738,0.054522563,0.5238711,-0.48997334,-0.8735139,-0.038353406,0.7466822,-0.35435784,-0.7386946,-0.9597742,0.4462013,0.340822,0.6170916,-1.5342882,0.21293026,0.35244367,0.857323,-1.2758838,-0.2830128,0.8427499,-0.2465813,-0.25192887,0.040454887,-1.3375963,0.3597227,0.06548849,0.8574905,0.71564126,0.03555049,-0.712484,-0.3104279,1.0629536,0.22373995,0.00266107,0.001023377,-0.26887617,0.08161499,-0.1000224,-0.6465821,0.3465476,-0.11943253,-0.16926008,-0.25278848,-0.8870546,-1.641371,0.2146947,0.6750907,-0.53118837,0.026495393,-0.7725546,-0.45650616,0.4943848,-0.12285976,0.8452538,-0.6249383,-0.12740707,0.21890587,1.0466925,0.19788305
SEQ_0051,healthy,0.4899422,-0.27173576,0.17395876,-1.1653275,-0.49155065,-0.4441946,0.023374377,-0.18590054,-0.35468665,-0.7098575,-0.10682626,0.1540433,0.042398207,-0.35213578,-1.2914917,0.053830735,0.07223004,0.9757047,-1.4097291,0.8394507,0.53227013,1.0759476,-1.4806831,-0.20637546,1.0063968,0.009925427,-0.14360699,0.099431254,-1.6357625,0.7976208,-0.29102412,0.76744056,0.3867318,-0.24949262,-0.7981825,0.03828254,1.3099812,-0.030882314,-0.21549758,0.05087183,-0.2767609,0.060748983,-0.39164448,-0.41621637,0.61920035,0.4287748,-0.3856052,-0.44291425,0.07990758,-1.619556,-0.5825608,0.631658,-0.1524111,0.043820564,-1.08929,-0.38482583,0.5278095,0.4415441,0.9382557,-0.32439083,0.08201524,0.6008505,0.7259813,0.20900105
SEQ_0052,disease,-0.071983,-0.2789563,0.52336633,-1.0047712,-0.41888043,-0.0277283,0.10826312,0.34694555,-0.7195895,-0.17602953,-0.04785629,0.024473412,0.0710971,-0.944914,-0.635614,0.10926394,-0.5158508,1.2282351,-1.1039518,0.46575752,0.106803894,0.9548961,-1.3451862,-0.36876783,0.84440637,0.16499184,-0.36420137,-0.23422611,-1.4430106,0.6451606,0.22979856,0.515193,0.2288787,0.18235862,0.05732761,-0.5041198,0.91420454,-0.6759884,-0.1629089,-0.07339145,-0.8241868,-0.3944142,-0.2734387,-0.2294448,0.5847641,0.8346741,0.23487855,-0.72328895,-0.82628685,-1.5582427,-0.002215077,0.32703692,-0.6307061,0.2664812,-0.8278028,-0.2003167,0.6479575,0.6522821,0.9246483,-0.66256785,-0.18541089,0.50782096,0.49594656,0.7830657
SEQ_0053,healthy,0.34847313,-0.38055778,0.22095515,-0.9511774,-0.04571779,0.023445852,-0.4442062,0.34990892,-0.5835381,-0.24183439,0.049545497,0.44689447,0.077707045,-0.6599109,-0.72923326,0.008065395,-0.12161213,1.4017147,-1.3115535,0.34527498,0.17479797,1.2131263,-1.2721641,-0.29971877,1.1242385,-0.34950387,-0.36505553,0.0590146,-1.4364493,0.34007168,-0.050161142,0.40120625,0.43963882,0.13928995,-0.48432797,-0.03541627,1.1811558,-0.27409765,0.03457344,0.12705918,-0.42800298,-0.4235333,-0.03930057,-0.64981824,0.70229936,0.5713675,-0.5478413,-0.65506625,-0.7566904,-1.6132165,0.023333889,0.6960274,-0.6650108,0.05896427,-0.8274314,-0.0037192958,0.6650708,0.455863,1.2790637,-0.400104,0.017407823,0.294417,0.6824082,0.24256659
SEQ_0054,healthy,0.07172034,-0.13311923,-0.22574657,-1.0312496,-0.4578878,0.24420749,0.08081195,0.2705358,-0.5762388,-0.25256047,-0.42644516,0.58043975,-0.064779475,-1.2316128,-0.8473109,0.2958863,0.44346803,0.6986255,-0.8764995,0.84575266,0.7599713,0.7950494,-1.1348282,-0.27436227,1.1720277,-0.6403471,-0.24414101,-0.7889714,-1.4954542,0.65807927,-0.23542082,0.66778857,0.049244955,0.12827224,-0.34043035,-0.61377347,0.6843241,-0.39919418,-0.3494678,-0.082189746,-0.6056003,-0.031886797,0.38552397,-0.10986613,0.6201985,0.57941633,-0.16395639,-0.21853568,-0.57717466,-1.354617,0.19505022,0.45560303,-0.6449515,0.100318275,-1.1737407,-1.1153316,0.5228134,0.050131947,0.8431456,0.027424132,-0.08138137,0.6783754,0.45500904,0.38013735
SEQ_0055,healthy,-0.062114228,-0.045767553,0.65755814,-1.4612883,-0.046026625,0.5522513,0.35042074,0.655754,-0.5209698,-0.6851156,-0.22160895,0.43140298,0.23359337,-0.61462694,-0.47751057,0.48000708,0.42453828,0.35741198,-1.506423,0.616277,0.4381492,1.2924836,-1.112286,-0.42745596,1.1563637,0.0026359945,-0.1610987,-0.01564455,-1.4356577,0.2734345,0.14983128,0.34176892,0.50499374,-0.4452914,-0.5742162,-0.94747317,0.7336833,0.16721132,-0.842634,-0.19837116,-0.6634498,-0.5742926,0.1325642,-0.119892895,0.696666,0.48126656,-0.02420538,-0.55897135,-0.4216703,-2.0484092,-0.3552111,0.26169708,-0.5165253,-0.48303398,-0.96149737,-0.8520027,0.7517945,0.28294766,0.9742929,-0.16396749,0.08147678,0.36333212,0.35322273,0.23219584
SEQ_0056,healthy,0.23585768,-0.020175928,0.32613575,-0.8662946,-0.32710767,-0.09189533,-0.07774333,-0.022998147,-0.07432008,0.05514616,0.16998097,0.1985684,-0.04083703,-0.6527516,-1.4766124,-0.23541775,0.13456617,0.843283,-1.4206247,1.3419783,0.29865238,1.2419658,-1.8329239,-0.45367235,1.145076,-0.022471724,0.116813935,-0.08076464,-1.49076,1.2235149,-0.2871885,0.96060604,0.4843232,0.33976564,-0.70930856,-0.6553476,1.3920058,-0.46980995,-0.37232667,0.17966966,-0.7702675,0.38516012,0.04757814,-0.044946615,1.0499016,0.36278376,-0.36554766,0.112808906,-0.28358424,-1.911154,-0.05438852,0.3813699,-0.2961612,-0.018706778,-0.9656485,0.104760684,0.41363636,0.6339308,0.3384108,0.22965486,0.103017956,0.81827164,0.48687178,0.22718418
SEQ_0057,disease,-0.115695424,0.16982038,0.361598,-0.6452392,-0.49132183,0.4245609,-0.058295235,0.32573473,-0.58133763,-0.31405059,-0.13288571,0.4709362,-0.2793141,-0.789018,-0.97373825,0.18964459,-0.39473653,1.1269581,-1.2008198,0.16611947,0.24496326,0.7087831,-1.8059716,-0.03917054,0.8769678,-0.097716965,-0.7832869,-0.3246629,-1.4662603,0.7712653,-0.0414024,0.4479461,0.78615874,-0.020725517,-0.2936629,-0.6068976,1.4250151,-0.38249776,0.121030085,0.04374087,-0.69895524,0.052574676,-0.38370115,-0.33091462,0.46969074,0.7235921,-0.14420679,-0.07681378,-0.90441006,-1.6344795,0.15652105,1.0059506,0.018161831,0.31618652,-0.7119082,-0.1973145,0.7314146,0.21806876,0.7078696,-0.7950826,-0.008036133,0.4457709,0.5810196,0.52137995
SEQ_0058,disease,-0.11265193,-0.49670634,0.5008832,-0.98328316,-0.57058454,-0.122135594,-0.31199896,0.29811952,-0.8786239,-0.42896006,0.19192801,0.5428637,-0.11677617,-0.60602516,-1.059725,0.19655864,0.04496464,1.340111,-1.5132344,0.19620366,0.099446185,1.242788,-1.0967515,-0.16481979,0.90983206,-0.30019242,-0.2040401,-0.08801397,-1.2589779,0.2229469,-0.08869491,0.6957518,0.41644797,0.0048269224,-0.20280942,-0.25099525,1.0849527,-0.07265249,-0.5532448,0.073423795,-0.51918983,-0.4065295,-0.26112264,-0.3123751,0.61699665,0.6367707,-0.19271472,-0.36340842,-0.96409804,-1.5167252,0.10118606,0.1932289,-0.54219115,-0.06522957,-0.7406432,-0.28143358,0.54923636,0.50121385,1.2057077,-0.07535619,-0.09768935,0.019857759,0.79287887,0.26786733
SEQ_0059,disease,0.1821543,0.14772381,0.07690822,-0.892342,-0.3698377,0.544952,0.35367376,0.10592187,-0.37634024,0.07088457,-0.13444541,0.4105928,-0.46706527,-0.7169083,-1.1121764,-0.22562325,0.15345633,0.9565557,-1.2149836,0.36808565,0.7958242,0.5899627,-1.3845755,-0.36290124,0.82774,0.2734169,-0.33863246,-0.38386655,-1.375158,0.90028507,-0.03623909,-0.07503883,0.55749875,-0.36117816,-0.4438504,-0.45534486,1.4899417,0.04460179,-0.4840157,-0.1902247,-0.7245843,-0.20363256,0.2305319,-0.5302737,0.9326296,0.9292001,-0.10425922,-0.1454358,-0.956085,-1.1820138,0.31382975,0.59442616,-0.564969,-0.16432367,-0.8621302,-0.788345,0.87371004,0.38646057,0.63707244,-0.24893364,0.14979023,0.5042098,0.36177278,0.049900096
SEQ_0060,healthy,0.19830632,-0.37852532,0.2870727,-0.9123312,-0.41183177,0.19552155,0.022104926,0.048407078,-0.5940768,-0.36234418,0.03106101,0.28938082,-0.22442465,-1.0336679,-0.9899296,-0.02659974,-0.18085235,1.0064185,-1.3839638,0.5641876,0.14468552,0.8972254,-1.1032162,-0.4665008,0.6638817,-0.4097685,-0.34856293,-0.27610832,-1.2780944,0.80096084,-0.18326011,0.703456,0.21215986,0.13229516,-0.34281376,-0.48675048,0.8233649,-0.38748363,-0.19481482,-0.054546226,-0.46571153,-0.15616843,-0.1754259,-0.4299131,0.5739772,0.34721032,-0.22055164,-0.5156259,-0.41925478,-1.6352952,0.110267095,0.45686495,-0.52289236,0.24315183,-0.9078713,-0.30448303,0.6351524,0.59619457,1.0019755,-0.080856726,0.11534949,0.41969708,0.73876494,0.12155046
SEQ_0061,disease,0.30154145,-0.12813666,0.024579452,-0.7515473,-0.2995833,0.114743106,-0.16748221,0.077374496,-0.8801491,0.13413869,-0.039356478,0.85080993,0.02929277,-0.5625374,-0.7728432,0.053924136,0.15308459,1.5863776,-1.1298898,0.23597816,0.36823845,1.110076,-1.4640659,-0.5142687,0.8556277,-0.35401452,-0.04245232,-0.6442942,-1.2782134,0.68900526,-0.08891551,0.21326451,0.5690456,-0.014307429,-0.32633358,-0.07115861,1.5250771,0.07043663,-0.20725632,0.1568945,-0.16549756,0.007858967,-0.3601929,-0.37075204,0.595078,0.5662577,-0.5418155,-0.33220503,-0.66869956,-1.4104863,0.13729338,0.43188313,-0.34267163,-0.016707493,-0.8756574,-0.5927029,0.6533784,0.09100439,0.47334,-0.041069757,-0.21766768,0.51886684,1.2052613,0.3480032
SEQ_0062,disease,-0.14991118,0.082795344,0.42468262,-0.8648487,-0.5157527,0.71726936,-0.17544895,0.16940834,-0.99253994,-0.41474727,0.39537722,0.24711442,-0.3128359,-0.8097433,-0.5780807,-0.42380077,-0.29605776,1.0535483,-1.1688155,0.72224605,0.066952735,0.9389846,-0.88901323,-0.4679423,1.2970145,-0.7812849,-0.26323217,-0.0996565,-1.348399,0.1606132,0.11703472,0.35783458,0.34655657,-0.026762469,0.14027676,-0.3955689,1.0039696,-0.31022605,0.0040099616,-0.3094371,-0.7575722,-0.3039723,-0.38699138,-0.27230698,0.54869425,0.5654926,-0.27770776,-0.3223246,-0.5831276,-1.6610274,-0.14857018,0.6726264,-0.254041,0.12827715,-0.84986657,-0.53441316,0.5919883,0.3878454,0.8616941,-0.2197308,0.22821398,0.25785005,0.63028765,0.5845121
SEQ_0063,disease,0.12897888,-0.53500366,0.6584975,-0.69161963,0.008635295,-0.27599376,-0.13693148,0.21232045,-0.40815058,-0.627291,0.1951312,0.4146307,-0.10008102,-1.2884094,-1.0806915,-0.014520607,-0.3813024,0.9361904,-1.1561977,0.6665597,0.09459755,1.5515076,-1.3315166,-0.4713452,0.31873176,-0.11425302,-0.39462927,-0.51199883,-1.1976771,0.6659918,-0.44805366,0.87864137,0.11081506,0.31589586,-0.6683291,-0.27307948,0.76686525,-0.27517492,-0.3674743,0.21602385,-0.24029334,-0.46764046,-0.031787887,-0.47964996,0.6846136,0.72576207,-0.14306685,-0.5584678,-0.77811974,-1.8021986,0.30247194,0.3501848,-0.2829225,0.093239434,-0.5205676,-0.13216633,0.6393055,0.32519028,0.90419793,-0.14463963,-0.20798774,0.19795004,0.7249251,0.23707263
SEQ_0064,disease,-0.35948694,-0.26861158,0.4134642,-0.8038851,-0.30580372,0.10492259,-0.061427765,0.5185471,-0.73069483,-0.4234159,-0.17366938,0.6765883,-0.31023526,-1.0875006,-0.7630814,0.0006888923,-0.026917066,0.8368586,-1.0056314,0.59986866,0.15030189,1.2299612,-1.413675,-0.21338114,0.6204328,-0.2794374,-0.3578533,-0.6778031,-1.3666741,0.7258518,-0.20451616,0.3104078,0.123213306,-0.10136456,-0.038803477,-0.55949044,0.89445454,-0.30150816,-0.4052639,0.17393728,-0.47211185,-0.35591513,-0.2757391,-0.50238335,0.38058954,0.57582676,-0.23275924,-0.46672118,-0.9546103,-1.65212,0.42974702,0.6760639,-0.50914603,0.14587586,-1.1737307,-0.60399354,0.7015098,0.28547177,0.93123513,-0.6619234,-0.40702894,0.4699864,0.8016601,0.11195982
SEQ_0065,disease,0.053920377,-0.5621273,0.64250606,-0.7483248,-0.5232767,0.011914127,0.33481213,-0.10174531,-1.1856078,-0.6098914,0.472982,0.21093869,-0.0044854446,-0.29746786,-1.290362,-0.10056878,0.37395945,1.5370142,-0.99467474,0.8619872,0.36907792,1.0867904,-1.2367231,-0.38748106,0.34280968,-0.23132753,-0.075896345,-0.33588102,-1.1053821,0.43285963,-0.013812052,0.6811412,0.22957727,-0.053548623,-0.71037483,-0.17543471,1.0023041,0.059067525,-0.028974269,0.08590991,-0.5168281,-0.11091963,-0.15046504,-0.70475817,0.56662375,0.71732736,-0.8687701,-0.6769092,-0.67437434,-1.5666597,0.09808438,0.37836376,-0.07944918,-0.12819992,-0.9735582,-0.4280501,0.4991246,0.41417405,0.964298,0.30506483,-0.20219232,0.3380198,0.58019936,0.6440586
SEQ_0066,healthy,-0.15458564,-0.6006416,0.10379389,-0.7306866,-0.4477619,0.24829766,0.07610274,0.41225445,-0.7536333,-0.018178532,-0.23981553,0.23824233,-0.009526284,-0.681289,-0.85147035,-0.088278025,-0.14463635,1.0346904,-1.2690765,0.51087487,0.2185439,1.4516585,-1.2973056,-0.14004412,0.76575524,-0.26274562,-0.7699242,-0.39409065,-1.721679,0.30898765,-0.19242692,0.51589113,0.36887282,-0.13683055,-0.053077243,-0.5739281,0.6682599,-0.28587142,0.34315237,-0.07437078,-0.59836686,-0.48256877,0.10342556,-0.4302386,-0.077961616,0.39501268,-0.06508597,-0.4870556,-0.9945971,-1.6193825,0.0672779,1.0731049,-0.63477373,0.30734557,-1.1856899,-0.14523786,0.5584102,-0.13694808,0.8529721,-0.6512909,-0.19546576,0.43402538,0.7824652,0.06856279
SEQ_0067,healthy,0.3465675,-0.16041532,-0.22930147,-1.0593413,-0.44646072,0.6657833,0.52640855,0.5655381,-0.5716887,-0.34730273,0.3401716,0.32975155,0.64124066,-0.8423966,-1.1328075,-0.07665908,-0.27464852,1.63732,-0.86662483,0.2408838,0.26643914,1.0402071,-1.485502,-0.6522779,1.1510375,-0.45033407,-0.60296977,-0.36057302,-1.3775054,0.17274001,0.020071445,0.56663954,0.37045786,-0.18696786,-0.87404495,-0.25371435,0.51095784,0.21796523,0.20281763,-0.31070226,-1.0294151,0.041798666,-0.14972399,-0.32941636,0.5847011,0.22855593,-0.24543206,-0.593072,-0.8555738,-1.9221841,-0.045646653,0.6949897,-0.5283125,-0.21472093,-0.8518187,-0.4013487,0.5959508,-0.03812109,0.5632153,0.030811822,0.09480621,0.6087546,0.6457319,-0.32554924
SEQ_0068,disease,0.13373223,-0.32983413,0.5450243,-1.1044941,-0.020841004,-0.21167526,0.12556423,-0.08946882,-0.30814576,-0.23110731,-0.5885185,-0.18062575,-0.1264444,-0.5676828,-0.7913333,-0.1331925,-0.4197859,0.8861231,-1.1412617,0.6540814,0.35573697,1.2040327,-1.7364532,-0.5560246,1.078808,-0.16391504,-0.21788691,-0.029380338,-1.4671444,0.84647197,-0.06973848,-0.14448725,-0.056725673,-0.07339764,0.0009824135,-0.6729136,1.1338625,-0.61007226,-0.1848441,0.19751704,-0.49580872,-0.16519424,0.2701381,-0.05636765,0.347517,0.72299963,0.0086557055,-0.1451331,-0.79408145,-1.9183333,-0.1314002,0.39366713,-0.313142,-0.21399422,-0.5274007,-0.55061924,0.985019,0.52351594,0.59380084,-0.5417338,0.41089857,0.64281684,0.90017134,0.458982
SEQ_0069,disease,0.48757556,-0.4817678,0.18308647,-0.8790478,-0.23681918,-0.72768813,-0.030975582,-0.022811556,-0.224754,0.3131566,0.1766622,0.053407274,-0.32158184,-1.1337887,-1.1573869,-0.05410577,-0.21101864,1.5733335,-1.1318964,0.5581693,0.37390435,0.5658848,-1.4335439,-0.23018663,0.7390472,-0.2818367,-0.34482214,-0.18927686,-1.2468221,0.34149265,0.058420178,0.32359043,0.1930485,0.32727474,0.087236285,-0.24210274,1.106491,-0.19689506,-0.19487038,0.19828583,-0.57827175,-0.77139574,0.20775306,-0.3595416,0.8009154,0.689447,-0.12241461,-0.74140394,-1.1310081,-1.5292139,0.6404609,0.3830755,-0.7967126,0.20179279,-1.045072,-0.3220272,0.880963,0.33897308,0.7020682,-0.28210506,-0.057992544,0.17147268,0.8607981,0.51377785
SEQ_0070,healthy,0.0169171,-0.32848316,0.7078353,-1.1500244,-0.13228469,0.2611793,-0.09958899,0.15833157,-0.20195203,-0.3869858,-0.52561826,0.37310028,-0.32036757,-0.8522371,-1.010941,0.05386008,0.052419826,1.0335745,-1.5295981,0.07762691,0.37294582,1.0088172,-1.3848121,-0.28459182,0.8514517,0.03850528,-0.15454228,-0.13799249,-1.3961698,0.8101197,-0.24926199,0.25934687,0.8031052,-0.016890943,-0.41534805,-0.5799876,1.708405,-0.2956468,-0.099440485,0.030204222,-0.49774396,-0.6144855,0.4980188,-0.2149938,0.9443268,0.56483847,-0.061557915,-0.08608863,-1.0036114,-1.3652447,0.13426903,0.85727435,-0.4764445,-0.2663607,-0.96475106,-0.6745214,0.82227635,0.32877824,0.8714875,-0.35758075,0.17380124,0.22593516,0.6318373,0.531329
SEQ_0071,disease,-0.2941409,-0.29964828,0.0327123,-1.1622833,-0.5939791,0.08280565,0.21580742,-0.16769588,-0.44380483,-0.059193015,0.1929186,0.24585341,-0.29576546,-0.82644784,-0.89488435,-0.16410385,-0.46450105,1.5131047,-1.1206424,0.57460827,0.46099105,0.8473488,-1.3001099,-0.13654566,0.974287,0.051857438,-0.43518668,0.06264165,-1.0368875,0.46715194,-0.043490294,0.37285885,0.24541482,-0.07400621,-0.091963425,-0.09341186,1.1541512,0.014697957,-0.2660685,-0.124744676,-0.7117876,-0.2702776,0.29053667,-0.581818,0.7984184,0.41025048,-0.21516684,0.15681729,-0.58231133,-1.4853193,0.007371724,0.7218412,-0.5266878,-0.032231875,-0.71411824,-0.82329,0.8366614,0.06558849,0.93837917,-0.24521992,0.090273954,0.09461321,0.6747967,0.2115726
SEQ_0072,disease,0.11402896,-0.08556815,0.43227294,-0.6724007,-0.18086964,0.3570673,-0.031880815,0.04367877,-0.30493656,-0.23907799,-0.30915424,0.5517217,-0.008750204,-0.6884488,-1.1567973,-0.33092788,-0.040404,1.3115323,-1.3791348,0.8572297,0.5151882,0.73743534,-1.5961806,-0.37349933,1.1379256,-0.16357128,-0.12824887,-0.2338494,-1.4298944,0.62581974,-0.41399625,0.78464663,0.648202,-0.20180136,-0.28230968,-0.31354034,1.0650142,-0.09906107,-0.33357963,-0.11024828,-0.5290697,-0.16510382,-0.28734553,-0.14758667,0.722254,0.57701886,-0.24605326,-0.25828212,-0.19511482,-1.6527717,-0.02771272,0.5463314,0.0014113447,0.33691496,-0.6843592,-0.52756053,0.8274388,0.5182548,0.33370894,-0.25065172,0.20141211,0.3545603,0.7918651,0.47162467
SEQ_0073,healthy,-0.3747529,-0.48164836,0.6427723,-0.8469773,-0.5785695,0.31284153,0.42658666,0.28994122,-0.6100699,-0.17240767,-0.29498872,0.7073246,-0.21040472,-0.46262658,-0.96121943,0.36507973,0.2195446,1.2872492,-0.8653991,0.77849656,0.36083525,0.64768827,-1.2188772,-0.43478358,0.9996244,-0.3589401,-0.12409168,-0.22163934,-1.3563533,0.6423692,0.4128911,0.42732725,0.4387437,-0.09785538,-0.3740632,-1.0862615,1.1025496,-0.3016731,-0.19572048,-0.14285703,0.14006616,-0.13672842,0.20991562,-0.23140363,0.46801296,0.39848223,-0.35754177,0.20232661,-1.1246638,-1.5789365,0.09209628,0.4880115,-0.32829657,-0.10196204,-1.0473883,-0.122368164,0.715157,0.24970546,0.8144357,0.01193623,0.08879962,0.5907584,0.8806181,0.3885622
SEQ_0074,healthy,-0.047363814,-0.13163345,0.32951242,-1.1987954,-0.074083656,0.15128055,0.07414079,0.32704148,-0.5058535,-0.10755107,-0.26609254,0.5103209,-0.31234926,-0.4093141,-0.94468075,0.1425235,0.097772345,1.0333307,-1.2627181,0.30379796,0.2989534,1.0931164,-0.9004157,-0.33382902,0.9920155,-0.18613008,-0.19809885,-0.11915002,-1.5399711,0.4633223,0.06134808,0.36457208,0.3907637,-0.06006965,-0.18505779,-0.49061036,1.0221494,-0.5321382,-0.20593083,-0.12582965,-0.19759075,-0.37236297,0.10027923,-0.14922228,0.92273366,0.58905745,0.14321591,-0.5801818,-0.9275757,-1.6177748,0.115145475,0.5560304,-0.63479203,-0.17421642,-0.7389071,-0.2760477,0.6030544,0.25108832,0.854078,-0.44855347,-0.06081256,0.61645025,0.91614866,0.25268245
SEQ_0075,disease,-0.27777877,-0.02158415,0.50869215,-1.311512,-0.38152775,0.16402964,-0.21573307,0.41131395,-0.4533379,-0.41318727,-0.06301952,0.029392563,-0.22698873,-0.42589727,-0.8888767,0.051908094,-0.14808407,1.2892586,-1.1610664,0.6678755,0.16746561,1.0226966,-1.3634605,-0.28852037,0.8958233,-0.05144178,-0.15654257,-0.4802156,-1.3268868,0.32783434,-0.20491205,-0.051389385,0.31029433,-0.40276814,-0.61668867,-0.34971324,1.1617848,-0.06227959,-0.22936071,-0.13380614,-0.7720392,-0.48884887,0.255697,-0.22205587,0.31917518,0.7126129,-0.050560005,-0.084647715,-0.94862604,-1.7376547,-0.18941502,0.7907715,-0.30955762,-0.48179445,-0.8761178,-0.8387635,0.5862261,-0.012646582,0.55086064,-0.19530399,-0.37424442,0.68325394,0.57904273,0.51743066
SEQ_0076,healthy,0.0839799,-0.39628226,0.41123593,-0.79202193,-0.27091762,0.6218499,-0.032337878,0.31777215,-0.40296623,-0.4642197,-0.23495339,0.6645448,-0.09864009,-0.9196796,-0.87668294,0.095320076,-0.17755806,0.9600938,-1.1250035,0.27152643,0.5124644,1.079603,-1.892475,-0.4251343,1.2119838,-0.23336723,-0.56518495,-0.08026212,-1.2258667,0.43245488,-0.35018858,0.34065634,0.7943086,-0.11425743,-0.6577633,-0.45857966,1.0327846,0.34712455,-0.3048605,-0.312162,-0.5150985,-0.47090155,0.13951062,-0.22668071,0.5740705,0.48841512,-0.1272779,-0.05800509,-0.66758496,-1.4878588,0.071113944,0.29205567,-0.16220418,0.0743001,-0.77466935,-0.4650357,1.2447977,0.27705997,0.69398934,-0.65186346,0.5029691,0.13567108,0.80530286,0.34553817
SEQ_0077,healthy,-0.05813604,-0.009993626,0.3420334,-1.0059879,-0.14844671,0.261965,-0.116895325,0.23730193,-0.24088117,0.35786226,-0.21276446,0.39877468,-0.040662125,-0.058689035,-0.7309959,0.099740006,0.16561434,1.0403923,-1.0342586,0.6680068,0.35252285,1.1615582,-0.93928474,-0.5502234,0.7394255,-0.37682316,-0.16481975,-0.28211877,-1.3675741,0.39734375,-0.44012508,0.57130086,0.56724644,-0.44083673,-0.54673153,-0.42913687,1.1283364,0.03326067,-0.010900835,-0.042855445,-0.11861637,-0.06418504,0.2901408,-0.7788008,0.8397341,0.4906122,-0.40919015,-0.68286246,-0.8788773,-1.6274984,-0.34724814,0.37996417,-0.8841718,0.046870943,-0.9579419,-0.84042656,0.58677816,0.18056935,0.5229342,-0.10335423,-0.2486352,0.2664446,1.0227767,0.174201
SEQ_0078,disease,0.01569876,-0.020341786,0.04349592,-0.82532305,-0.4808815,0.04247989,0.24980994,0.30933115,-0.9403283,-0.46705028,-0.40053695,0.27642608,-0.28636256,-0.6163422,-1.3783249,-0.14258626,-0.037037306,1.3702229,-1.3825494,0.74379367,0.29888585,0.5665744,-1.2611263,-0.45192826,0.5173366,0.042230453,-0.2061072,-0.7643971,-1.336145,0.7962015,-0.2540415,0.80981284,0.45801765,-0.12605259,-0.45898768,-0.6343004,1.1226647,-0.49424052,-0.0034516896,-0.32814986,-0.224084,-0.12945653,-0.29612058,-0.054900877,0.71961075,0.21375674,-0.100284,-0.4738438,-1.153687,-1.1272846,0.33121482,0.48030582,-0.69981617,-0.005399483,-0.90679574,-0.288042,0.4855667,0.022209197,0.73176783,-0.021710979,-0.21835473,0.7093295,0.6546279,0.28065267
SEQ_0079,disease,0.22424436,-0.22948794,0.5356177,-0.97372,-0.15789689,-0.5012747,-0.17159739,0.04319122,0.05638712,-0.23773324,0.28840044,0.30100378,-0.32460985,-0.9687974,-0.8249254,0.599506,-0.035335552,0.9274387,-1.6004528,0.60978526,-0.37629563,0.80086577,-0.89162177,-0.33513495,0.5231712,-0.38404822,-0.17420015,-0.15446688,-1.5211805,0.7895273,-0.3502382,0.61456543,0.1537671,0.3549624,-0.53597647,-0.6036708,0.674789,-0.509864,-0.15308724,0.26257548,-0.1990341,-0.6092901,0.18422882,-0.06652882,0.90111244,0.7767855,-0.13238011,-0.5168367,-0.56953144,-2.128064,0.05337078,0.56647426,-0.09082077,0.18847837,-0.8750442,-0.58059216,0.7506846,0.42292696,1.1189452,0.014632728,0.167421,0.5178764,0.5672664,0.3641244
SEQ_0080,healthy,0.013526972,-0.7142603,-0.13326347,-1.3622617,-0.5933987,-0.002927582,0.062496968,0.50613993,-0.37838435,-0.40564036,-0.18342474,0.5506959,0.21025199,-0.43810195,-0.77660954,-0.024934215,-0.08360907,0.95683295,-1.0597923,0.49608922,0.48552278,1.0752016,-1.5056752,0.31746945,0.93788165,-0.7002441,-0.45983055,-0.17052694,-1.4141794,0.40863466,-0.09738841,0.6745477,-0.10490899,0.29209575,-0.25413612,-0.10016732,0.7864115,-0.4302469,-0.020140523,0.22172754,-0.46751297,-0.46287718,-0.25516948,-0.52367485,0.7019047,0.5865066,-0.41597438,-0.5263657,-0.5949102,-1.7354221,0.13692091,0.469935,-0.65623915,0.53279054,-1.0170178,-0.6112445,0.19499984,0.8125168,1.380041,-0.17447227,0.25832582,0.36357844,0.6269959,-0.053873815
SEQ_0081,healthy,-0.12743439,-0.210513,0.6817905,-0.9901543,-0.45537624,-0.19420356,0.2609456,0.15842585,-0.1548823,0.19353293,-0.4534936,0.34037668,-0.17915551,-1.0820042,-1.1763326,0.4413676,0.12727173,0.703375,-1.2774353,0.8468618,0.1613299,0.49007544,-1.1570216,-0.25996205,1.0100734,0.088506095,-0.14537808,-0.32428965,-1.2941383,1.002602,-0.17639573,0.7863987,-0.17748843,0.22727822,-0.38345146,-0.74787986,1.0503958,-0.4394359,-0.59305876,-0.07530661,-0.3771315,-0.059637602,0.2667114,0.11613458,1.0679953,0.6155388,-0.21845926,-0.38075855,-0.72869885,-1.9271414,0.4455709,0.19696778,-0.744178,-0.0441155,-0.73216105,-0.59617746,1.0073242,0.76797,0.92853105,0.037242796,0.018363776,0.7374485,0.85059035,-0.26040938
SEQ_0082,disease,0.019405004,-0.21644726,0.7227028,-0.81544495,-0.17050673,0.63934815,-0.12535731,0.047197107,-0.44158185,-0.8259234,-0.27032414,0.38569912,0.04980571,-0.7926001,-1.0062511,-0.09962251,-0.2244982,0.9708531,-1.2185464,0.21072613,0.040194456,0.95448303,-1.456233,-0.5599799,0.91833055,0.005778518,-0.2757793,-0.4936052,-1.3248024,0.4960561,-0.2827789,0.6385566,0.10206998,0.12995903,-0.43576473,-0.5003045,0.93932223,-0.615803,-0.22696184,-0.20255353,-0.67426497,-0.26050246,0.14371744,-0.54617465,0.50663704,0.6927866,0.045999408,-0.19112381,-0.53021526,-1.5011556,0.15525393,0.20253396,-0.42479149,-0.015379526,-0.6244971,-0.39715326,0.95557106,0.20992121,0.980198,-0.43643555,0.1115023,0.3265238,0.7660004,0.613397
SEQ_0083,disease,-0.16584389,-0.055590197,0.179991,-0.90929586,-0.20690538,-0.07215817,-0.40454617,0.3810397,-0.46586698,-0.63129306,-0.14461443,0.34726113,-0.10171937,-0.554545,-0.6524986,-0.15095058,0.09493445,0.821632,-1.0489358,0.7163357,0.5593297,1.1392806,-1.390287,-0.36762574,0.7841933,-0.53240776,-0.32687184,-0.39109653,-1.2512072,0.56704336,-0.43289754,0.600749,0.0015867332,-0.066284105,-0.41059193,-0.2887389,0.9295473,-0.2209535,-0.240151,0.3493771,-0.5566348,-0.16604446,-0.022281075,-0.1581722,0.25402972,0.5873511,-0.14893724,-0.5117555,-0.57657844,-1.5390227,0.1855132,0.41272545,-0.34693518,0.025010414,-0.94539493,-0.7403671,0.5722333,0.2686591,0.5635019,-0.348735,-0.16259325,0.30626696,0.97371906,0.38948742
SEQ_0084,healthy,-0.13916048,-0.37896124,0.55952954,-0.97822946,-0.4167861,-0.19578424,-0.19321167,0.3954413,-0.48949686,-0.9747164,0.0009999131,0.5326544,-0.010066618,-0.4703005,-1.0461735,0.18545823,0.0040092794,1.1209922,-1.2208997,0.45095176,-0.005905989,0.95533615,-1.78814,-0.07833851,0.4530198,-0.3533391,-0.44488534,0.012674795,-1.3675371,0.6688572,-0.33257958,0.29977477,0.27651858,0.023291906,-0.6969655,-0.35038298,1.1017374,-0.10481508,0.019228946,0.020003593,-0.67013127,-0.09046274,-0.41208404,-0.39933798,0.21541789,0.6017672,-0.5598311,-0.12326854,-0.5201131,-1.7476054,0.13082638,0.711925,-0.18329276,0.052311517,-1.1476778,-0.38774648,0.21153787,0.2699383,0.8474574,-0.2669455,0.10764558,0.60967636,0.6413384,0.030957134
SEQ_0085,disease,-0.14750038,-0.23612113,0.57697123,-0.9143659,-0.45484516,0.42564383,-0.14942129,-0.011235238,-0.78990483,-0.48373702,0.048187047,0.3668495,-0.50274587,-0.71755224,-0.7151166,-0.2506327,0.17903057,1.1201937,-1.1495767,0.8597402,0.39080015,1.3807014,-1.4651685,-0.35974476,0.9040735,-0.26296642,-0.023939474,-0.35919568,-1.534235,0.27597484,-0.35365784,0.4971812,0.29908696,-0.055988234,0.11289444,-0.59453803,1.0282794,-0.3257134,-0.44809607,0.07684573,-0.33554462,-0.31012836,0.111777596,-0.6770506,0.47781628,0.4120488,-0.42396492,-0.4958915,-0.31320807,-1.2741238,0.23135582,0.66701937,-0.25601387,0.06592819,-1.071991,-0.812574,0.56290877,0.42970732,0.69335264,-0.17370543,-0.18110281,0.4177891,0.5694209,0.4837228
SEQ_0086,disease,-0.7272303,-0.52446455,0.50031936,-1.0040828,-0.57484245,0.451526,0.037415873,-0.0122897,-0.93895715,-0.6529899,0.24990648,0.43615848,-0.61467063,-0.66254914,-0.96733344,-0.29131296,-0.38388366,1.3266605,-1.221671,1.1770309,-0.10001143,0.991798,-1.0004251,-0.30440077,0.71690464,-0.090250336,-0.414963,-0.31651112,-1.241506,0.66171426,-0.48188537,0.53040993,-0.095991075,-0.008317928,-0.4868104,-0.6401393,1.0452678,0.02497288,-0.54949623,-0.03153817,-0.5023461,-0.16118412,-0.14485809,-0.45499125,0.2603726,0.13636744,-0.4713331,0.11268898,-0.47246483,-1.7449157,-0.14421266,0.33270508,-0.49424037,-0.0057364986,-1.0688931,-1.2462972,0.556455,-0.115516305,0.7128874,-0.43888786,-0.08066663,0.71526736,0.54888916,0.17163506
SEQ_0087,disease,0.077124976,-0.46118417,0.3956859,-0.99621576,-0.1884182,-0.10668822,0.30421153,0.23606206,-0.19402696,-0.21111006,-0.37578654,0.5683385,-0.01291005,-0.78022486,-0.9515657,0.18924637,0.046575587,0.82020587,-1.110748,0.34297633,0.5074996,0.96246403,-1.4160328,-0.07155642,0.647661,-0.028568415,-0.18706183,-0.39668754,-1.3865752,0.7097675,-0.06977394,0.43717262,0.42543197,-0.02843144,-0.33248866,-0.79852766,1.0714755,-0.3355389,0.005788038,0.16624983,-0.24681602,-0.2438466,0.15817486,-0.5063828,0.5590938,0.64485157,-0.13545233,-0.29543823,-0.6844371,-1.8231694,0.46018723,0.5556488,-0.17132886,-0.16635789,-0.8660282,-0.54100364,0.81197166,0.1217604,1.0113441,-0.10094954,0.09115209,0.46620238,0.655892,0.17696245
SEQ_0088,disease,0.119753614,0.20464817,-0.21280818,-0.71153885,-0.42458597,-0.11898536,0.0070737847,0.21061952,-0.5106423,0.08400551,-0.23979722,0.17035635,-0.0826219,-0.6002371,-1.1604743,-0.36809787,-0.27393934,0.8982287,-0.92438585,0.5548007,0.35616338,0.53218484,-1.503656,-0.24650316,0.906143,-0.24497944,-0.2855543,-0.67498124,-1.3783259,0.7291779,-0.25451463,0.26828647,0.1488751,-0.009960499,0.03183395,-0.27557817,0.91545296,-0.60245264,0.062575266,-0.30571157,-0.6556981,-0.2591945,-0.26197964,-0.13637395,0.6092336,0.6314229,0.014632033,-0.57329005,-0.7421064,-1.4602722,0.6717694,0.35937536,-0.46369416,0.32048926,-0.87293696,-0.43020815,0.74277073,0.36738086,0.5720217,-0.38093087,-0.2953772,0.5584608,0.69376105,0.43604147
SEQ_0089,disease,-0.2964425,-0.28576702,0.2917013,-0.87308645,-0.5440665,-0.16779257,-0.015315511,0.36513346,-0.20008571,-0.13388322,-0.60576224,0.5410279,-0.11969414,-0.64124393,-1.2765927,-0.013488283,0.16269,1.3634065,-1.0965406,0.33660385,0.44080466,0.75722927,-1.3270981,-0.42536557,0.8716237,-0.22828774,-0.5155786,-0.40837875,-1.0573624,0.6426751,-0.45375964,0.3248658,0.23993103,-0.12473365,-0.44709706,-0.23480012,1.1650068,-0.003283966,-0.47788683,-0.0925535,-0.48796362,-0.45366764,0.14388351,-0.34848157,0.8198874,0.9428336,-0.2267242,-0.30282396,-0.6699019,-1.8369951,0.10639533,0.41388726,-0.23519675,-0.28546745,-0.73336685,-0.9659159,0.9722984,0.5238695,0.6884577,-0.39039594,-0.23067771,0.642712,0.3810464,0.03757618
SEQ_0090,disease,-0.41054434,-0.023977116,0.6732115,-0.5392241,-0.687035,0.33855784,-0.21064955,0.26258722,-0.7923511,-0.37967312,0.113952145,0.36974415,0.008405803,-0.96995866,-1.3227932,-0.10984159,0.10767578,1.1451198,-0.88164246,0.599344,0.5252913,1.0522857,-1.4372256,0.013148295,0.66183037,-0.04831743,-0.6184305,0.086359866,-0.77224904,0.8948267,-0.46826652,0.5197185,0.33805013,0.14219396,-0.25284898,-0.66583663,0.96322024,-0.12172754,-0.2672642,-0.097696796,-0.9153064,-0.08385932,-0.114366345,-0.4517409,1.2769499,0.64136314,-0.6464522,-0.24021514,-0.6160138,-1.4466586,0.20694849,0.34170973,-0.2982514,0.27572972,-1.1687511,-0.96474093,1.0313675,0.76876223,1.4140211,0.11977475,0.08834419,0.26032043,0.056358587,0.28028405
SEQ_0091,disease,-0.18838403,-0.000797043,0.08938911,-0.9570509,-0.32440895,0.21851303,-0.36823404,0.0146083385,-0.39294955,-0.33740672,-0.12121514,0.41759193,-0.62669164,-0.70472604,-0.9375248,-0.6644891,0.0034674755,1.2149478,-1.6908512,0.31448874,0.6051993,0.87695616,-1.0453534,-0.27857196,0.8393802,-0.3021312,-0.7030626,-0.070798196,-0.97920614,0.4927849,-0.23005448,0.5781899,0.4687425,-0.27714425,0.08137079,0.17028987,1.2824472,-0.13798636,-0.035857357,-0.18691358,-0.4849641,0.01831211,-0.3187251,-0.5561853,0.881819,0.23697361,-0.88839275,-0.20493904,-0.39429727,-1.4198093,0.34753782,0.97235376,-0.5404367,0.1294963,-0.95116764,-0.7683578,0.50651246,0.5788123,0.58341116,-0.45557943,0.003186654,0.48074424,0.7217149,-0.007930868
SEQ_0092,disease,0.066464074,-0.45328397,0.15722995,-1.0176886,-0.05036624,-0.0852176,0.19934396,0.5900176,-0.4048412,-0.5482168,-0.3537269,0.3305457,0.24962199,-0.8013694,-1.2625909,-0.11560862,-0.10380986,1.5980926,-1.1853664,0.36289218,0.31074938,1.157045,-1.2990943,-0.24622716,0.50025254,-0.108975,-0.31309685,-0.64891493,-1.1643585,0.31964588,-0.49281457,0.57275486,0.3729677,0.01937099,-0.80146426,-0.22464316,0.49784252,-0.2887658,-0.09402387,0.030094376,-0.38276362,-0.6293708,0.2171882,-0.16110897,0.51217455,0.63401777,-0.12696938,-0.37393072,-0.6108038,-1.9573877,0.194899,0.6959907,-0.31545937,-0.13085474,-0.7859489,-0.46846393,0.3236612,0.3822037,0.7635128,0.21770912,0.04375859,0.646422,0.30264598,0.27302784
SEQ_0093,disease,-0.40336743,-0.41034588,0.31647816,-1.0939436,-0.24759528,-0.0061050244,-0.21314453,0.5056371,0.049850088,0.0757054,-0.007980429,0.34860316,-0.38134155,-0.5904377,-0.77049273,0.080178194,-0.13837123,1.2057638,-1.0189817,0.15575643,0.26330072,1.2295548,-1.338354,-0.27397212,1.2034042,-0.081559256,-0.25792435,0.26523373,-1.3153538,0.5136188,0.07682754,0.474474,0.21863896,0.21114276,-0.07244332,-0.3578349,1.2438933,-0.3530354,0.17262232,0.029846461,-0.705295,-0.24814591,0.21848702,-0.3830858,0.689384,0.63147587,-0.3085294,0.12504566,-0.63193476,-1.862593,0.11780886,0.83939105,-0.56062603,0.051377974,-1.219496,-0.2706576,0.7021624,0.39871895,0.92322403,-0.08616124,0.16059053,0.53170997,0.49700773,0.10346522
SEQ_0094,disease,0.040613584,-0.09813033,0.24337155,-1.108473,-0.37324056,0.010190467,0.32073653,0.3116161,-0.7259697,-0.62827367,-0.1708478,0.44763297,-0.23623513,-0.81777906,-0.39871985,0.12681922,-0.6094847,1.2087137,-1.1877817,0.78397804,0.20862132,0.81327164,-0.7777897,-0.3955816,0.83845943,-0.19074847,-0.48832965,-0.39850006,-1.5254679,0.055200085,0.10450322,0.20223938,0.5686644,-0.1142965,-0.18501982,-0.39200124,1.3537905,0.055172354,-0.47361135,-0.1856624,-0.32696813,-0.40656567,-0.040136736,-0.52581984,0.58125705,0.5716621,-0.0861813,-0.58397,-0.9189043,-1.5269976,-0.10913685,0.22688809,-0.6610938,-0.13252856,-0.44770193,-1.0833378,0.9319406,0.040787414,0.58701384,-0.91923,-0.4094292,0.5402043,0.9384572,0.5418495
SEQ_0095,disease,-0.07205656,-0.3765579,0.9419834,-0.85658765,-0.2802829,0.050585087,0.27037498,0.538815,-0.6279559,-0.27731654,-0.33671457,0.59173906,-0.19591817,-0.5881025,-0.98577994,-0.06753443,-0.09259699,1.2660509,-1.1250038,0.66723895,0.52833235,0.88621306,-1.2998548,-0.26636192,0.5667746,0.3722647,-0.295506,0.036660425,-1.1873038,0.35776535,0.0028847863,0.5750533,0.5222674,0.32412484,-0.57565784,-0.4095498,1.0669616,-0.15882686,-0.10481844,-0.43861708,-0.6223042,-0.14364627,0.34826285,-0.3476618,0.6737028,0.08202134,-0.3135922,-0.116904646,-0.84072524,-1.3602446,0.07621386,0.3603108,-0.75283545,-0.090468824,-0.91031176,-0.5669508,0.7065208,-0.2511789,0.86353844,-0.4481357,-0.081554346,0.59773344,0.48606396,0.56318605
SEQ_0096,healthy,-0.15776694,-0.02834981,0.6000407,-0.9301675,-0.8553453,0.23027427,0.18112074,0.041905716,-0.7707548,-0.13616022,-0.25811812,0.20631342,-0.39384753,-0.804125,-0.78187734,-0.14200962,-0.10581273,0.72861534,-1.2314087,0.9534113,0.22326577,0.9064419,-1.4282748,-0.3282522,1.0195975,-0.34754974,-0.21753931,-0.24625446,-1.1159365,0.72210944,0.23151278,0.5383469,-0.096012436,-0.18662646,0.12936583,-0.5092477,1.1228006,-0.5428008,-0.32941955,-0.2817951,-0.5199693,-0.018531201,-0.14696951,-0.19810945,0.56485766,0.5887693,0.17677002,-0.32999521,-0.3573373,-1.3059044,0.43734246,0.36846134,-0.65708566,-0.14478868,-0.9318728,-0.26329008,0.61519146,0.23025645,0.70700854,-0.28090656,-0.4414823,0.42218757,0.75478923,0.45083785
SEQ_0097,healthy,0.18629803,-0.5355872,0.62062705,-0.7286015,-0.1540342,0.3170751,-0.22084777,0.30175352,0.0053237984,-0.53883886,-0.5294783,0.5591335,-0.0015767446,-1.295873,-0.81289655,-0.3276251,0.123881124,1.0847322,-1.2673843,0.8058362,0.5673023,0.8804768,-1.5726067,-0.5676816,1.1781894,-0.41608697,-0.51637256,0.6723358,-1.284437,0.3703479,-0.4010656,0.94520915,0.21556188,0.009459717,-0.3755865,-0.4371228,0.9337581,0.17713451,0.09550135,-0.12691414,-0.21973413,0.4788585,0.35281086,-0.52492094,0.83007824,0.12111151,-0.57526547,-0.041899364,-0.016494114,-1.8199874,-0.21606271,0.97751796,-1.2146183,0.15035318,-0.892344,-0.82853544,0.90153366,0.08688042,1.0721067,0.24915282,0.5798252,0.23923554,0.59624296,-0.41684246
SEQ_0098,disease,0.28848246,-0.4951465,0.32679674,-0.65558213,-0.035848577,-0.068955064,-0.22941878,0.3843837,-0.3328789,-0.3019116,-0.7937642,0.38583338,0.011948474,-0.6506608,-1.3573012,-0.09496947,0.41880095,1.1787238,-1.1936179,0.39807993,0.56563574,0.9011826,-1.1902891,-0.33050674,0.7363066,0.01650234,-0.102737285,-0.22732879,-1.5370284,0.68688107,-0.30808058,0.7364447,0.50188965,0.18386506,-0.099777415,-0.20666222,1.5077482,-0.57735956,0.3663532,0.1951963,-0.5890124,-0.41616455,0.072263524,-0.25148058,0.75589275,0.64134234,-0.010156532,-0.38215616,-0.879325,-1.1868731,-0.05402744,0.5441342,-0.43424216,0.11371742,-0.9159242,-0.42969662,0.6357288,0.52092624,0.5279426,-0.17698798,0.3598777,0.2535772,0.7638782,0.9308558
SEQ_0099,disease,0.080248,-0.45778325,0.4512851,-0.9787502,-0.28088334,0.5415198,-0.2643159,0.018450886,-0.86975074,-0.29342142,0.27888966,0.26365966,-0.30810872,-0.21062672,-0.9503961,-0.09058123,-0.055539593,1.792012,-1.1746157,0.29950213,-0.029885516,0.99042225,-0.9812218,-0.47470552,0.83297735,-0.4296674,-0.22946975,-0.15175444,-1.2523435,0.5519175,-0.1807006,0.23081075,0.4026966,0.001747432,-0.3120088,-0.4517716,1.018855,-0.35546485,-0.09026946,0.052201428,-0.30402526,-0.9140992,-0.3683773,-0.42451027,0.54515535,0.6276577,0.044182766,0.020825163,-1.164506,-1.69006,-0.088204116,0.58071387,-0.39676666,-0.10770485,-1.1116432,-0.4176539,0.5821651,0.31132865,0.85152376,-0.32669386,0.07231223,0.1790825,0.540093,0.51893735
SEQ_0100,disease,0.20304203,-0.29755923,0.54166365,-0.5988259,-0.11459996,-0.41182527,-0.12280124,0.40946138,-0.39755866,-0.23809318,0.497647,0.7597732,-0.37562895,-0.8430627,-0.87238127,0.087703705,-0.34651446,1.3799917,-1.0844663,0.58798945,0.21975926,0.73211056,-1.6792084,-0.19823037,1.0327829,-0.4987691,-0.77472866,0.3271295,-1.1399089,0.44005764,0.19106752,0.417769,0.40394378,0.2118992,-0.09736921,-0.21164282,1.1628284,0.28296605,-0.176787,-0.07689799,-0.48174256,-0.33251703,-0.5832279,-0.5134831,0.5070584,0.2870859,-0.8211979,-0.3144388,-0.58799183,-1.7417022,0.23309442,0.49505964,0.16189656,0.18364778,-0.90960693,-0.3358786,1.0936959,0.83343077,0.8092929,-0.5041932,0.13806257,0.40913653,0.815041,0.20286946
