k-mer,disease_count,healthy_count,log2_fold_change
GCG,557,171,1.0463564980581888
CCC,517,171,0.9390434739155549
CGC,544,195,0.8239025164801795
CCG,493,181,0.7890725323170805
GGG,462,171,0.7771035694892373
CGG,498,185,0.7722371351603282
GCC,478,188,0.6901393624462067
GGC,492,196,0.6718919578526344
CGA,366,172,0.43350796613758735
CCA,392,194,0.35955512944009516
AGC,368,186,0.3290824871038585
ACC,384,199,0.2933583867386382
CAG,383,200,0.28241075047332675
CGT,407,216,0.2593740504581155
GGT,367,197,0.24270527690850238
TCG,386,209,0.23044417940938672
TCC,364,198,0.2236279741548299
ACG,380,208,0.21478799634353854
GCA,378,207,0.21411426096109887
GTC,362,201,0.19411419617505485
